hardclip_k_dbfs	hardclip_sse	under_k_dbfs	under_sse
-68.3428571429	46.0543856565	-68.3428571429	0.173168956984
-68.289453125	46.0146469938	-68.289453125	0.163924838413
-68.2360491071	45.9772098425	-68.2360491071	0.155469030291
-68.1826450893	45.9420599346	-68.1826450893	0.147755841007
-68.1292410714	45.9091455654	-68.1292410714	0.140735843347
-68.0758370536	45.878388354	-68.0758370536	0.134358178142
-68.0224330357	45.8496919312	-68.0224330357	0.128572245485
-67.9690290179	45.8229487817	-67.9690290179	0.123328896816
-67.915625	45.7980455097	-67.915625	0.118581232624
-67.8622209821	45.7748667946	-67.8622209821	0.114285097028
-67.8088169643	45.753298286	-67.8088169643	0.110399345388
-67.7554129464	45.7332286564	-67.7554129464	0.106885946505
-67.7020089286	45.7145509974	-67.7020089286	0.103709967881
-67.6486049107	45.6971637135	-67.6486049107	0.100839481335
-67.5952008929	45.6809710357	-67.5952008929	0.0982454171051
-67.541796875	45.6658832568	-67.541796875	0.0959013872449
-67.4883928571	45.6518167624	-67.4883928571	0.0937834933548
-67.4349888393	45.6386939192	-67.4349888393	0.0918701293066
-67.3815848214	45.6264428655	-67.3815848214	0.0901417862687
-67.3281808036	45.6149972391	-67.3281808036	0.0885808648672
-67.2747767857	45.6042958662	-67.2747767857	0.0871714974994
-67.2213727679	45.5942824322	-67.2213727679	0.0858993825076
-67.16796875	45.5849051465	-67.16796875	0.0847516309934
-67.1145647321	45.5761164109	-67.1145647321	0.0837166264156
-67.0611607143	45.5678724989	-67.0611607143	0.0827838966837
-67.0077566964	45.5601332487	-67.0077566964	0.0819439981852
-66.9543526786	45.5528617739	-66.9543526786	0.0811884110205
-66.9009486607	45.5460241922	-66.9009486607	0.0805094446334
-66.8475446429	45.5395893735	-66.8475446429	0.0799001529922
-66.794140625	45.5335287062	-66.794140625	0.0793542584832
-66.7407366071	45.5278158821	-66.7407366071	0.0788660837052
-66.6873325893	45.5224266992	-66.6873325893	0.0784304903991
-66.6339285714	45.4924368857	-66.6339285714	0.074771454755
-66.5805245536	45.4628591912	-66.5805245536	0.071271443691
-66.5271205357	45.4344590115	-66.5271205357	0.0680214170177
-66.4737165179	45.407206142	-66.4737165179	0.065007048304
-66.4203125	45.3810677872	-66.4203125	0.0622144823952
-66.3669084821	45.3560092444	-66.3669084821	0.0596303870989
-66.3135044643	45.3319944917	-66.3135044643	0.0572419888766
-66.2601004464	45.3089866856	-66.2601004464	0.0550370951959
-66.2066964286	45.2869485824	-66.2066964286	0.0530041058851
-66.1532924107	45.2658428884	-66.1532924107	0.0511320155387
-66.0998883929	45.2456325498	-66.0998883929	0.0494104087441
-66.046484375	45.2262809896	-66.046484375	0.0478294496463
-65.9930803571	45.2077522975	-65.9930803571	0.0463798671381
-65.9396763393	45.1900113815	-65.9396763393	0.0450529367576
-65.8862723214	45.173024084	-65.8862723214	0.0438404601989
-65.8328683036	45.1567572697	-65.8328683036	0.0427347431813
-65.7794642857	45.1411788894	-65.7794642857	0.0417285722891
-65.7260602679	45.1262580225	-65.7260602679	0.0408151912784
-65.67265625	45.1119649026	-65.67265625	0.0399882772475
-65.6192522321	45.0982709292	-65.6192522321	0.0392419169866
-65.5658482143	45.0851486672	-65.5658482143	0.0385705837487
-65.5124441964	45.0725718376	-65.5124441964	0.0379691146303
-65.4590401786	45.0605153	-65.4590401786	0.037432688699
-65.4056361607	45.0489550292	-65.4056361607	0.0369568059663
-65.3522321429	45.0378680875	-65.3522321429	0.036537267273
-65.298828125	45.0272325928	-65.298828125	0.0361701551269
-65.2454241071	45.0170276849	-65.2454241071	0.0358518155129
-65.1920200893	45.0072334889	-65.1920200893	0.035578840678
-65.1386160714	44.9978310788	-65.1386160714	0.0353480528824
-65.0852120536	44.9888024395	-65.0852120536	0.035156489096
-65.0318080357	44.9801304287	-65.0318080357	0.035001386615
-64.9784040179	44.9534254024	-64.9784040179	0.0334688246569
-64.925	44.9263243721	-64.925	0.0319605076681
-64.8715959821	44.9000122439	-64.8715959821	0.0305645121984
-64.8181919643	44.8744731849	-64.8181919643	0.0292753555533
-64.7647879464	44.8496906597	-64.7647879464	0.0280877438556
-64.7113839286	44.8256475783	-64.7113839286	0.0269965749834
-64.6579799107	44.8023264281	-64.6579799107	0.0259969399048
-64.6045758929	44.7797093926	-64.6045758929	0.0250841226304
-64.551171875	44.7577784566	-64.551171875	0.0242535989882
-64.4977678571	44.7365154989	-64.4977678571	0.0235010344004
-64.4443638393	44.7159023752	-64.4443638393	0.0228222808262
-64.3909598214	44.6959209891	-64.3909598214	0.0222133730165
-64.3375558036	44.6765533558	-64.3375558036	0.0216705242075
-64.2841517857	44.6577816555	-64.2841517857	0.0211901213681
-64.2307477679	44.6395882809	-64.2307477679	0.0207687201006
-64.17734375	44.6219558764	-64.17734375	0.0204030392815
-64.1239397321	44.6048673722	-64.1239397321	0.0200899555169
-64.0705357143	44.5883060121	-64.0705357143	0.01982649748
-64.0171316964	44.5722553772	-64.0171316964	0.0196098401845
-63.9637276786	44.5566994037	-63.9637276786	0.019437299242
-63.9103236607	44.5416223987	-63.9103236607	0.0193063251444
-63.8569196429	44.5270090508	-63.8569196429	0.0192144976043
-63.803515625	44.5128444387	-63.803515625	0.0191595199815
-63.7501116071	44.4991140364	-63.7501116071	0.0191392138186
-63.6967075893	44.485803717	-63.6967075893	0.019151513504
-63.6433035714	44.4728997529	-63.6433035714	0.0191944610773
-63.5898995536	44.4603888158	-63.5898995536	0.0192662011881
-63.5364955357	44.448257974	-63.5364955357	0.0193649762164
-63.4830915179	44.4364946892	-63.4830915179	0.0194891215612
-63.4296875	44.4250868112	-63.4296875	0.0196370611
-63.3762834821	44.4140225727	-63.3762834821	0.0198073028225
-63.3228794643	44.3885902318	-63.3228794643	0.01930555396
-63.2694754464	44.3622809611	-63.2694754464	0.0187935701966
-63.2160714286	44.3365689277	-63.2160714286	0.0183399530056
-63.1626674107	44.3114450144	-63.1626674107	0.0179421719777
-63.1092633929	44.2868997797	-63.1092633929	0.0175977749517
-63.055859375	44.2629235091	-63.055859375	0.0173043879598
-63.0024553571	44.2395062613	-63.0024553571	0.0170597148814
-62.9490513393	44.2166379111	-62.9490513393	0.0168615368411
-62.8956473214	44.1943081895	-62.8956473214	0.0167077113819
-62.8422433036	44.1725067194	-62.8422433036	0.0165961714426
-62.7888392857	44.1512230488	-62.7888392857	0.0165249241664
-62.7354352679	44.1304466816	-62.7354352679	0.0164920495659
-62.68203125	44.1101671045	-62.68203125	0.0164956990652
-62.6286272321	44.0903738121	-62.6286272321	0.0165340939408
-62.5752232143	44.0710563297	-62.5752232143	0.0166055236799
-62.5218191964	44.0522042335	-62.5218191964	0.0167083442708
-62.4684151786	44.0338071687	-62.4684151786	0.0168409764432
-62.4150111607	44.0158548658	-62.4150111607	0.017001903869
-62.3616071429	43.9983371554	-62.3616071429	0.017189671338
-62.308203125	43.9812439807	-62.308203125	0.0174028829166
-62.2547991071	43.9645654091	-62.2547991071	0.017640200102
-62.2013950893	43.9482916417	-62.2013950893	0.0179003399773
-62.1479910714	43.9324130222	-62.1479910714	0.0181820733762
-62.0945870536	43.9169200444	-62.0945870536	0.0184842230641
-62.0411830357	43.9018033578	-62.0411830357	0.0188056619397
-61.9877790179	43.8870537739	-61.9877790179	0.0191453112628
-61.934375	43.8726622695	-61.934375	0.0195021389125
-61.8809709821	43.8586199909	-61.8809709821	0.0198751576777
-61.8275669643	43.8449182564	-61.8275669643	0.0202634235855
-61.7741629464	43.8315485585	-61.7741629464	0.020666034266
-61.7207589286	43.8185025649	-61.7207589286	0.0210821273592
-61.6673549107	43.7934215873	-61.6673549107	0.0211287301689
-61.6139508929	43.7671162413	-61.6139508929	0.0211559285451
-61.560546875	43.741295661	-61.560546875	0.0212164781123
-61.5071428571	43.7159542775	-61.5071428571	0.0213090525914
-61.4537388393	43.6910863228	-61.4537388393	0.0214323614722
-61.4003348214	43.6666858518	-61.4003348214	0.0215851498791
-61.3469308036	43.642746764	-61.3469308036	0.0217661983606
-61.2935267857	43.6192628227	-61.2935267857	0.0219743226072
-61.2401227679	43.5962276743	-61.2401227679	0.0222083731072
-61.18671875	43.5736348653	-61.18671875	0.0224672347455
-61.1333147321	43.5514778587	-61.1333147321	0.022749826353
-61.0799107143	43.52975005	-61.0799107143	0.0230551002112
-61.0265066964	43.5084447808	-61.0265066964	0.0233820415186
-60.9731026786	43.4875553527	-60.9731026786	0.0237296678228
-60.9196986607	43.4670750396	-60.9196986607	0.0240970284244
-60.8662946429	43.4469970991	-60.8662946429	0.0244832037559
-60.812890625	43.4273147837	-60.812890625	0.02488730474
-60.7594866071	43.4080213503	-60.7594866071	0.0253084721314
-60.7060825893	43.3891100695	-60.7060825893	0.025745875845
-60.6526785714	43.3705742345	-60.6526785714	0.0261987142737
-60.5992745536	43.3524071681	-60.5992745536	0.0266662135993
-60.5458705357	43.3346022306	-60.5458705357	0.0271476270979
-60.4924665179	43.3171528259	-60.4924665179	0.0276422344429
-60.4390625	43.3000524076	-60.4390625	0.0281493410087
-60.3856584821	43.2832944844	-60.3856584821	0.0286682771743
-60.3322544643	43.266872625	-60.3322544643	0.0291983976321
-60.2788504464	43.2507804629	-60.2788504464	0.0297390806998
-60.2254464286	43.2350116996	-60.2254464286	0.0302897276403
-60.1720424107	43.219560109	-60.1720424107	0.0308497619878
-60.1186383929	43.2044195401	-60.1186383929	0.0314186288832
-60.065234375	43.1895839198	-60.065234375	0.031995794419
-60.0118303571	43.1643249866	-60.0118303571	0.0323433896373
-59.9584263393	43.1375569797	-59.9584263393	0.0326688235875
-59.9050223214	43.1112003615	-59.9050223214	0.0330147754897
-59.8516183036	43.0852516566	-59.8516183036	0.0333804819549
-59.7982142857	43.0597072469	-59.7982142857	0.0337651973181
-59.7448102679	43.0345633827	-59.7448102679	0.0341681935901
-59.69140625	43.0098161943	-59.69140625	0.0345887603817
-59.6380022321	42.9854617019	-59.6380022321	0.0350262048028
-59.5845982143	42.9614958265	-59.5845982143	0.0354798513379
-59.5311941964	42.9379143991	-59.5311941964	0.0359490417004
-59.4777901786	42.9147131699	-59.4777901786	0.0364331346679
-59.4243861607	42.8918878174	-59.4243861607	0.0369315058991
-59.3709821429	42.8694339565	-59.3709821429	0.0374435477349
-59.317578125	42.8473471465	-59.317578125	0.0379686689856
-59.2641741071	42.8256228986	-59.2641741071	0.0385062947045
-59.2107700893	42.8042566834	-59.2107700893	0.0390558659503
-59.1573660714	42.7832439373	-59.1573660714	0.0396168395396
-59.1039620536	42.7625800688	-59.1039620536	0.0401886877897
-59.0505580357	42.7422604651	-59.0505580357	0.0407708982546
-58.9971540179	42.7222804974	-58.9971540179	0.041362973454
-58.94375	42.7026355265	-58.94375	0.0419644305964
-58.8903459821	42.6833209076	-58.8903459821	0.0425748012981
-58.8369419643	42.6643319954	-58.8369419643	0.043193631298
-58.7835379464	42.6456641485	-58.7835379464	0.0438204801701
-58.7301339286	42.6273127335	-58.7301339286	0.0444549210334
-58.6767299107	42.6092731292	-58.6767299107	0.0450965402606
-58.6233258929	42.5915407296	-58.6233258929	0.0457449371861
-58.569921875	42.5741109484	-58.569921875	0.0463997238137
-58.5165178571	42.5569792213	-58.5165178571	0.0470605245253
-58.4631138393	42.5401410094	-58.4631138393	0.0477269757898
-58.4097098214	42.5235918017	-58.4097098214	0.0483987258743
-58.3563058036	42.4977962151	-58.3563058036	0.0489098139502
-58.3029017857	42.4702373009	-58.3029017857	0.0493971918683
-58.2494977679	42.4430383357	-58.2494977679	0.0498980386663
-58.19609375	42.4161971946	-58.19609375	0.0504118817637
-58.1426897321	42.3897116406	-58.1426897321	0.0509382578969
-58.0892857143	42.363579332	-58.0892857143	0.0514767131196
-58.0358816964	42.3377978278	-58.0358816964	0.0520268027912
-57.9824776786	42.312364595	-57.9824776786	0.0525880915544
-57.9290736607	42.2872770137	-57.9290736607	0.0531601533021
-57.8756696429	42.2625323834	-57.8756696429	0.0537425711351
-57.822265625	42.2381279285	-57.822265625	0.0543349373101
-57.7688616071	42.2140608038	-57.7688616071	0.0549368531799
-57.7154575893	42.1903280994	-57.7154575893	0.0555479291252
-57.6620535714	42.1669268463	-57.6620535714	0.0561677844796
-57.6086495536	42.1438540207	-57.6086495536	0.0567960474474
-57.5552455357	42.121106549	-57.5552455357	0.057432355016
-57.5018415179	42.0986813121	-57.5018415179	0.0580763528614
-57.4484375	42.0765751499	-57.4484375	0.0587276952499
-57.3950334821	42.0547848655	-57.3950334821	0.0593860449338
-57.3416294643	42.0333072287	-57.3416294643	0.060051073044
-57.2882254464	42.0121389805	-57.2882254464	0.0607224589777
-57.2348214286	41.991276836	-57.2348214286	0.0613998902831
-57.1814174107	41.9707174886	-57.1814174107	0.0620830625413
-57.1280133929	41.9504576129	-57.1280133929	0.0627716792449
-57.074609375	41.930493868	-57.074609375	0.0634654516747
-57.0212053571	41.9108229004	-57.0212053571	0.064164098774
-56.9678013393	41.8914413473	-56.9678013393	0.0648673470216
-56.9143973214	41.8723458388	-56.9143973214	0.0655749303026
-56.8609933036	41.8535330012	-56.8609933036	0.0662865897789
-56.8075892857	41.8349994587	-56.8075892857	0.0670020737583
-56.7541852679	41.8167418366	-56.7541852679	0.0677211375628
-56.70078125	41.7901325432	-56.70078125	0.0683157667943
-56.6473772321	41.7615188044	-56.6473772321	0.068885002647
-56.5939732143	41.733226997	-56.5939732143	0.069463637313
-56.5405691964	41.7052559347	-56.5405691964	0.0700513606664
-56.4871651786	41.677604339	-56.4871651786	0.070647867672
-56.4337611607	41.6502708437	-56.4337611607	0.0712528584046
-56.3803571429	41.6232539985	-56.3803571429	0.0718660380638
-56.326953125	41.5965522731	-56.326953125	0.0724871169826
-56.2735491071	41.5701640607	-56.2735491071	0.0731158106307
-56.2201450893	41.544087682	-56.2201450893	0.0737518396135
-56.1667410714	41.5183213884	-56.1667410714	0.0743949296654
-56.1133370536	41.4928633659	-56.1133370536	0.0750448116397
-56.0599330357	41.4677117384	-56.0599330357	0.0757012214932
-56.0065290179	41.4428645706	-56.0065290179	0.0763639002675
-55.953125	41.418319872	-55.953125	0.0770325940662
-55.8997209821	41.3940755995	-55.8997209821	0.0777070540285
-55.8463169643	41.3701296607	-55.8463169643	0.0783870362996
-55.7929129464	41.3464799166	-55.7929129464	0.0790723019974
-55.7395089286	41.3231241851	-55.7395089286	0.0797626171771
-55.6861049107	41.3000602431	-55.6861049107	0.0804577527921
-55.6327008929	41.2772858297	-55.6327008929	0.0811574846528
-55.579296875	41.2547986487	-55.579296875	0.0818615933829
-55.5258928571	41.2325963713	-55.5258928571	0.0825698643731
-55.4724888393	41.2106766382	-55.4724888393	0.0832820877337
-55.4190848214	41.1890370625	-55.4190848214	0.0839980582437
-55.3656808036	41.1676752317	-55.3656808036	0.0847175752997
-55.3122767857	41.1465887099	-55.3122767857	0.0854404428618
-55.2588727679	41.1257750403	-55.2588727679	0.0861664693993
-55.20546875	41.105231747	-55.20546875	0.0868954678341
-55.1520647321	41.0849563372	-55.1520647321	0.0876272554831
-55.0986607143	41.0649463029	-55.0986607143	0.0883616539999
-55.0452566964	41.0372857179	-55.0452566964	0.0889922358471
-54.9918526786	41.0073820759	-54.9918526786	0.0895953906998
-54.9384486607	40.9777710694	-54.9384486607	0.0902055015974
-54.8850446429	40.9484522094	-54.8850446429	0.0908223551763
-54.831640625	40.9194249291	-54.831640625	0.0914457409026
-54.7782366071	40.8906885861	-54.7782366071	0.0920754510977
-54.7248325893	40.862242465	-54.7248325893	0.0927112809612
-54.6714285714	40.8340857801	-54.6714285714	0.09335302859
-54.6180245536	40.8062176773	-54.6180245536	0.0940004949956
-54.5646205357	40.7786372369	-54.5646205357	0.0946534841176
-54.5112165179	40.751343476	-54.5112165179	0.0953118028356
-54.4578125	40.7243353504	-54.4578125	0.0959752609776
-54.4044084821	40.6976117573	-54.4044084821	0.0966436713268
-54.3510044643	40.6711715375	-54.3510044643	0.0973168496252
-54.2976004464	40.6450134773	-54.2976004464	0.0979946145755
-54.2441964286	40.6191363111	-54.2441964286	0.0986767878412
-54.1907924107	40.593538723	-54.1907924107	0.099363194043
-54.1373883929	40.5682193496	-54.1373883929	0.100053660755
-54.083984375	40.5431767813	-54.083984375	0.100748018499
-54.0305803571	40.5184095651	-54.0305803571	0.101446100735
-53.9771763393	40.4939162056	-53.9771763393	0.10214774385
-53.9237723214	40.4696951679	-53.9237723214	0.102852787151
-53.8703683036	40.4457448789	-53.8703683036	0.103561072845
-53.8169642857	40.4220637293	-53.8169642857	0.104272446032
-53.7635602679	40.3986500755	-53.7635602679	0.104986754682
-53.71015625	40.3755022411	-53.71015625	0.10570384962
-53.6567522321	40.352618519	-53.6567522321	0.106423584508
-53.6033482143	40.3299971728	-53.6033482143	0.107145815826
-53.5499441964	40.3076364385	-53.5499441964	0.107870402846
-53.4965401786	40.2855345262	-53.4965401786	0.108597207614
-53.4431361607	40.2636896214	-53.4431361607	0.109326094927
-53.3897321429	40.2347567777	-53.3897321429	0.109964088659
-53.336328125	40.2033373857	-53.336328125	0.110572346206
-53.2829241071	40.1721872377	-53.2829241071	0.111186047001
-53.2295200893	40.1413063964	-53.2295200893	0.111805038547
-53.1761160714	40.1106948574	-53.1761160714	0.112429169902
-53.1227120536	40.0803525503	-53.1227120536	0.113058291711
-53.0693080357	40.0502793403	-53.0693080357	0.113692256221
-53.0159040179	40.0204750301	-53.0159040179	0.114330917312
-52.9625	39.9909393609	-52.9625	0.114974130509
-52.9090959821	39.9616720145	-52.9090959821	0.115621753008
-52.8556919643	39.9326726147	-52.8556919643	0.116273643686
-52.8022879464	39.9039407285	-52.8022879464	0.116929663123
-52.7488839286	39.8754758683	-52.7488839286	0.117589673612
-52.6954799107	39.8472774927	-52.6954799107	0.118253539171
-52.6420758929	39.8193450085	-52.6420758929	0.118921125561
-52.588671875	39.7916777719	-52.588671875	0.119592300286
-52.5352678571	39.7642750902	-52.5352678571	0.120266932612
-52.4818638393	39.7371362232	-52.4818638393	0.120944893566
-52.4284598214	39.7102603844	-52.4284598214	0.121626055948
-52.3750558036	39.683646743	-52.3750558036	0.122310294332
-52.3216517857	39.6572944246	-52.3216517857	0.122997485073
-52.2682477679	39.6312025131	-52.2682477679	0.123687506307
-52.21484375	39.605370052	-52.21484375	0.124380237956
-52.1614397321	39.5797960457	-52.1614397321	0.125075561724
-52.1080357143	39.5544794605	-52.1080357143	0.125773361102
-52.0546316964	39.5294192268	-52.0546316964	0.126473521361
-52.0012276786	39.5046142395	-52.0012276786	0.127175929556
-51.9478236607	39.4800633598	-51.9478236607	0.127880474515
-51.8944196429	39.4557654162	-51.8944196429	0.128587046843
-51.841015625	39.4317192059	-51.841015625	0.12929553891
-51.7876116071	39.407923496	-51.7876116071	0.130005844852
-51.7342075893	39.3775000317	-51.7342075893	0.130634275319
-51.6808035714	39.3443358827	-51.6808035714	0.13123050538
-51.6273995536	39.3114216814	-51.6273995536	0.131831216933
-51.5739955357	39.2787579542	-51.5739955357	0.132436297637
-51.5205915179	39.2463451684	-51.5205915179	0.133045635959
-51.4671875	39.2141837334	-51.4671875	0.133659121203
-51.4137834821	39.1822740014	-51.4137834821	0.134276643531
-51.3603794643	39.1506162686	-51.3603794643	0.134898093978
-51.3069754464	39.1192107759	-51.3069754464	0.135523364479
-51.2535714286	39.0880577101	-51.2535714286	0.136152347881
-51.2001674107	39.0571572051	-51.2001674107	0.136784937967
-51.1467633929	39.0265093424	-51.1467633929	0.137421029467
-51.093359375	38.9961141523	-51.093359375	0.138060518077
-51.0399553571	38.965971615	-51.0399553571	0.138703300476
-50.9865513393	38.9360816617	-50.9865513393	0.139349274337
-50.9331473214	38.9064441751	-50.9331473214	0.13999833834
-50.8797433036	38.8770589911	-50.8797433036	0.14065039219
-50.8263392857	38.847925899	-50.8263392857	0.141305336623
-50.7729352679	38.8190446433	-50.7729352679	0.141963073419
-50.71953125	38.7904149242	-50.71953125	0.142623505415
-50.6661272321	38.7620363985	-50.6661272321	0.143286536512
-50.6127232143	38.733908681	-50.6127232143	0.143952071681
-50.5593191964	38.7060313453	-50.5593191964	0.14462001698
-50.5059151786	38.6784039246	-50.5059151786	0.145290279552
-50.4525111607	38.6510259129	-50.4525111607	0.145962767636
-50.3991071429	38.6238967659	-50.3991071429	0.146637390574
-50.345703125	38.5970159019	-50.345703125	0.147314058813
-50.2922991071	38.5703827028	-50.2922991071	0.147992683915
-50.2388950893	38.5439965151	-50.2388950893	0.148673178555
-50.1854910714	38.5178566507	-50.1854910714	0.149355456527
-50.1320870536	38.4919623882	-50.1320870536	0.150039432751
-50.0786830357	38.4598228201	-50.0786830357	0.150648487226
-50.0252790179	38.4246727869	-50.0252790179	0.151222813194
-49.971875	38.3897562634	-49.971875	0.151800995558
-49.9184709821	38.3550741881	-49.9184709821	0.152382949617
-49.8650669643	38.3206274474	-49.8650669643	0.152968591033
-49.8116629464	38.286416877	-49.8116629464	0.153557835847
-49.7582589286	38.2524432614	-49.7582589286	0.154150600496
-49.7048549107	38.218707335	-49.7048549107	0.154746801836
-49.6514508929	38.1852097828	-49.6514508929	0.155346357152
-49.598046875	38.1519512406	-49.598046875	0.155949184181
-49.5446428571	38.1189322955	-49.5446428571	0.156555201126
-49.4912388393	38.0861534872	-49.4912388393	0.157164326673
-49.4378348214	38.0536153075	-49.4378348214	0.157776480002
-49.3844308036	38.0213182021	-49.3844308036	0.158391580809
-49.3310267857	37.9892625702	-49.3310267857	0.159009549314
-49.2776227679	37.9574487657	-49.2776227679	0.159630306278
-49.22421875	37.9258770977	-49.22421875	0.160253773016
-49.1708147321	37.894547831	-49.1708147321	0.160879871408
-49.1174107143	37.863461187	-49.1174107143	0.161508523916
-49.0640066964	37.832617344	-49.0640066964	0.162139653589
-49.0106026786	37.8020164384	-49.0106026786	0.162773184082
-48.9571986607	37.7716585645	-48.9571986607	0.16340903966
-48.9037946429	37.7415437761	-48.9037946429	0.164047145214
-48.850390625	37.7116720865	-48.850390625	0.164687426268
-48.7969866071	37.6820434694	-48.7969866071	0.165329808989
-48.7435825893	37.6526578598	-48.7435825893	0.165974220197
-48.6901785714	37.6235151541	-48.6901785714	0.166620587372
-48.6367745536	37.5946152113	-48.6367745536	0.167268838665
-48.5833705357	37.5659578535	-48.5833705357	0.167918902904
-48.5299665179	37.5375428665	-48.5299665179	0.1685707096
-48.4765625	37.5093700005	-48.4765625	0.169224188957
-48.4231584821	37.4752740944	-48.4231584821	0.169808532136
-48.3697544643	37.4378775694	-48.3697544643	0.170355601997
-48.3163504464	37.4007000726	-48.3163504464	0.170906114606
-48.2629464286	37.3637429291	-48.2629464286	0.171460005047
-48.2095424107	37.3270074187	-48.2095424107	0.172017208485
-48.1561383929	37.2904947763	-48.1561383929	0.172577660178
-48.102734375	37.2542061918	-48.102734375	0.173141295493
-48.0493303571	37.2181428106	-48.0493303571	0.173708049923
-47.9959263393	37.1823057337	-47.9959263393	0.174277859099
-47.9425223214	37.1466960179	-47.9425223214	0.174850658806
-47.8891183036	37.1113146762	-47.8891183036	0.175426384994
-47.8357142857	37.0761626781	-47.8357142857	0.176004973798
-47.7823102679	37.0412409497	-47.7823102679	0.176586361544
-47.72890625	37.0065503741	-47.72890625	0.17717048477
-47.6755022321	36.9720917917	-47.6755022321	0.177757280232
-47.6220982143	36.9378660005	-47.6220982143	0.17834668492
-47.5686941964	36.9038737566	-47.5686941964	0.178938636073
-47.5152901786	36.8701157742	-47.5152901786	0.179533071186
-47.4618861607	36.8365927264	-47.4618861607	0.180129928025
-47.4084821429	36.803305245	-47.4084821429	0.180729144638
-47.355078125	36.7702539213	-47.355078125	0.181330659368
-47.3016741071	36.7374393065	-47.3016741071	0.18193441086
-47.2482700893	36.7048619118	-47.2482700893	0.182540338076
-47.1948660714	36.6725222089	-47.1948660714	0.183148380304
-47.1414620536	36.6404206307	-47.1414620536	0.183758477168
-47.0880580357	36.6085575712	-47.0880580357	0.184370568636
-47.0346540179	36.5769333862	-47.0346540179	0.184984595035
-46.98125	36.5455483938	-46.98125	0.185600497055
-46.9278459821	36.5144028748	-46.9278459821	0.186218215761
-46.8744419643	36.4834970729	-46.8744419643	0.186837692601
-46.8210379464	36.4528311954	-46.8210379464	0.187458869414
-46.7676339286	36.4165172855	-46.7676339286	0.188015984932
-46.7142299107	36.3765874476	-46.7142299107	0.188533288248
-46.6608258929	36.3368634107	-46.6608258929	0.189053756953
-46.607421875	36.2973468808	-46.607421875	0.189577340811
-46.5540178571	36.2580395251	-46.5540178571	0.190103989488
-46.5006138393	36.2189429718	-46.5006138393	0.19063365256
-46.4472098214	36.1800588103	-46.4472098214	0.191166279527
-46.3938058036	36.1413885908	-46.3938058036	0.191701819827
-46.3404017857	36.1029338243	-46.3404017857	0.192240222843
-46.2869977679	36.0646959831	-46.2869977679	0.19278143792
-46.23359375	36.0266765001	-46.23359375	0.193325414372
-46.1801897321	35.9888767694	-46.1801897321	0.193872101498
-46.1267857143	35.951298146	-46.1267857143	0.194421448588
-46.0733816964	35.9139419458	-46.0733816964	0.194973404941
-46.0199776786	35.876809446	-46.0199776786	0.19552791987
-45.9665736607	35.8399018848	-45.9665736607	0.196084942716
-45.9131696429	35.8032204618	-45.9131696429	0.196644422858
-45.859765625	35.7667663377	-45.859765625	0.197206309726
-45.8063616071	35.7305406349	-45.8063616071	0.197770552807
-45.7529575893	35.6945444371	-45.7529575893	0.198337101662
-45.6995535714	35.6587787897	-45.6995535714	0.19890590593
-45.6461495536	35.6232447002	-45.6461495536	0.199476915341
-45.5927455357	35.5879431376	-45.5927455357	0.200050079727
-45.5393415179	35.5528750334	-45.5393415179	0.200625349031
-45.4859375	35.5180412811	-45.4859375	0.201202673316
-45.4325334821	35.4834427368	-45.4325334821	0.201782002776
-45.3791294643	35.4490802194	-45.3791294643	0.202363287744
-45.3257254464	35.4149545103	-45.3257254464	0.202946478703
-45.2723214286	35.3810663543	-45.2723214286	0.203531526293
-45.2189174107	35.3474164593	-45.2189174107	0.204118381323
-45.1655133929	35.3140054966	-45.1655133929	0.204706994775
-45.112109375	35.2751841192	-45.112109375	0.205236134477
-45.0587053571	35.2324012859	-45.0587053571	0.205722922193
-45.0053013393	35.1898116915	-45.0053013393	0.206212688185
-44.9518973214	35.1474174344	-44.9518973214	0.206705393492
-44.8984933036	35.1052205806	-44.8984933036	0.207200998938
-44.8450892857	35.0632231636	-44.8450892857	0.207699465137
-44.7916852679	35.0214271839	-44.7916852679	0.208200752509
-44.73828125	34.9798346091	-44.73828125	0.208704821283
-44.6848772321	34.9384473731	-44.6848772321	0.209211631513
-44.6314732143	34.8972673766	-44.6314732143	0.209721143078
-44.5780691964	34.8562964863	-44.5780691964	0.210233315701
-44.5246651786	34.815536535	-44.5246651786	0.210748108949
-44.4712611607	34.7749893212	-44.4712611607	0.211265482251
-44.4178571429	34.7346566092	-44.4178571429	0.211785394898
-44.364453125	34.6945401287	-44.364453125	0.212307806062
-44.3110491071	34.6546415747	-44.3110491071	0.212832674795
-44.2576450893	34.6149626076	-44.2576450893	0.213359960045
-44.2042410714	34.5755048525	-44.2042410714	0.213889620665
-44.1508370536	34.5362698997	-44.1508370536	0.214421615416
-44.0974330357	34.4972593043	-44.0974330357	0.214955902982
-44.0440290179	34.4584745861	-44.0440290179	0.215492441977
-43.990625	34.4199172295	-43.990625	0.216031190954
-43.9372209821	34.3815886837	-43.9372209821	0.21657210841
-43.8838169643	34.3434903621	-43.8838169643	0.217115152803
-43.8304129464	34.3056236428	-43.8304129464	0.217660282554
-43.7770089286	34.2679898683	-43.7770089286	0.218207456055
-43.7236049107	34.2305903454	-43.7236049107	0.218756631683
-43.6702008929	34.1934263455	-43.6702008929	0.219307767805
-43.616796875	34.1564991041	-43.616796875	0.219860822786
-43.5633928571	34.1198098213	-43.5633928571	0.220415755001
-43.5099888393	34.0833596616	-43.5099888393	0.220972522837
-43.4565848214	34.0417071556	-43.4565848214	0.221474034639
-43.4031808036	33.9957119269	-43.4031808036	0.221930631745
-43.3497767857	33.949897508	-43.3497767857	0.22239008157
-43.2963727679	33.9042664168	-43.2963727679	0.222852354107
-43.24296875	33.8588211461	-43.24296875	0.223317419059
-43.1895647321	33.8135641633	-43.1895647321	0.223785245845
-43.1361607143	33.7684979097	-43.1361607143	0.224255803605
-43.0827566964	33.7236248001	-43.0827566964	0.224729061208
-43.0293526786	33.6789472225	-43.0293526786	0.225204987259
-42.9759486607	33.6344675375	-42.9759486607	0.225683550104
-42.9225446429	33.5901880783	-42.9225446429	0.22616471784
-42.869140625	33.5461111497	-42.869140625	0.226648458317
-42.8157366071	33.5022390283	-42.8157366071	0.227134739149
-42.7623325893	33.4585739619	-42.7623325893	0.22762352772
-42.7089285714	33.4151181688	-42.7089285714	0.228114791191
-42.6555245536	33.3718738381	-42.6555245536	0.228608496504
-42.6021205357	33.3288431289	-42.6021205357	0.229104610395
-42.5487165179	33.2860281701	-42.5487165179	0.229603099396
-42.4953125	33.24343106	-42.4953125	0.230103929844
-42.4419084821	33.2010538661	-42.4419084821	0.230607067889
-42.3885044643	33.1588986249	-42.3885044643	0.231112479499
-42.3351004464	33.1169673412	-42.3351004464	0.231620130469
-42.2816964286	33.0752619883	-42.2816964286	0.23212998643
-42.2282924107	33.0337845072	-42.2282924107	0.232642012851
-42.1748883929	32.992536807	-42.1748883929	0.23315617505
-42.121484375	32.9515207642	-42.121484375	0.233672438203
-42.0680803571	32.9107382222	-42.0680803571	0.234190767346
-42.0146763393	32.870190992	-42.0146763393	0.234711127387
-41.9612723214	32.8298808509	-41.9612723214	0.235233483111
-41.9078683036	32.7898095431	-41.9078683036	0.235757799188
-41.8544642857	32.7499787791	-41.8544642857	0.236284040181
-41.8010602679	32.7051307296	-41.8010602679	0.236758936281
-41.74765625	32.6555168425	-41.74765625	0.237186296454
-41.6942522321	32.6060709517	-41.6942522321	0.237616427263
-41.6408482143	32.5567960391	-41.6408482143	0.238049306062
-41.5874441964	32.5076950698	-41.5874441964	0.238484909865
-41.5340401786	32.4587709918	-41.5340401786	0.238923215353
-41.4806361607	32.4100267349	-41.4806361607	0.239364198872
-41.4272321429	32.3614652106	-41.4272321429	0.239807836445
-41.373828125	32.3130893112	-41.373828125	0.240254103767
-41.3204241071	32.2649019095	-41.3204241071	0.240702976218
-41.2670200893	32.216905858	-41.2670200893	0.241154428864
-41.2136160714	32.1691039882	-41.2136160714	0.24160843646
-41.1602120536	32.1214991108	-41.1602120536	0.242064973456
-41.1068080357	32.074094014	-41.1068080357	0.242524014004
-41.0534040179	32.026891464	-41.0534040179	0.24298553196
-41	31.979894204	-41	0.243449500889
-40.9465959821	31.9331049534	-40.9465959821	0.243915894071
-40.8931919643	31.886526408	-40.8931919643	0.244384684508
-40.8397879464	31.8401612387	-40.8397879464	0.244855844925
-40.7863839286	31.7940120916	-40.7863839286	0.245329347778
-40.7329799107	31.7480815871	-40.7329799107	0.245805165261
-40.6795758929	31.7023723195	-40.6795758929	0.246283269307
-40.626171875	31.6568868569	-40.626171875	0.246763631596
-40.5727678571	31.61162774	-40.5727678571	0.247246223561
-40.5193638393	31.5665974821	-40.5193638393	0.247731016394
-40.4659598214	31.5217985688	-40.4659598214	0.248217981049
-40.4125558036	31.477233457	-40.4125558036	0.248707088251
-40.3591517857	31.4329045748	-40.3591517857	0.2491983085
-40.3057477679	31.3888143212	-40.3057477679	0.249691612077
-40.25234375	31.3449650652	-40.25234375	0.25018696905
-40.1989397321	31.301359146	-40.1989397321	0.250684349282
-40.1455357143	31.2529037969	-40.1455357143	0.251134028486
-40.0921316964	31.1992108705	-40.0921316964	0.251533446933
-40.0387276786	31.1456722102	-40.0387276786	0.251935585962
-39.9853236607	31.0922913259	-39.9853236607	0.252340429197
-39.9319196429	31.0390717208	-39.9319196429	0.252747959891
-39.878515625	30.9860168911	-39.878515625	0.253158160928
-39.8251116071	30.9331303251	-39.8251116071	0.253571014826
-39.7717075893	30.8804155025	-39.7717075893	0.253986503738
-39.7183035714	30.8278758938	-39.7183035714	0.254404609452
-39.6648995536	30.7755149594	-39.6648995536	0.2548253134
-39.6114955357	30.723336149	-39.6114955357	0.25524859665
-39.5580915179	30.6713429011	-39.5580915179	0.255674439919
-39.5046875	30.6195386418	-39.5046875	0.256102823567
-39.4512834821	30.5679267846	-39.4512834821	0.256533727605
-39.3978794643	30.5165107293	-39.3978794643	0.256967131695
-39.3444754464	30.4652938615	-39.3444754464	0.257403015154
-39.2910714286	30.4142795518	-39.2910714286	0.257841356956
-39.2376674107	30.3634711552	-39.2376674107	0.258282135737
-39.1842633929	30.3128720104	-39.1842633929	0.258725329795
-39.130859375	30.2624854388	-39.130859375	0.259170917098
-39.0774553571	30.2123147443	-39.0774553571	0.259618875281
-39.0240513393	30.1623632122	-39.0240513393	0.260069181656
-38.9706473214	30.1126341085	-38.9706473214	0.260521813211
-38.9172433036	30.0631306798	-38.9172433036	0.260976746617
-38.8638392857	30.0138561516	-38.8638392857	0.261433958228
-38.8104352679	29.9648137287	-38.8104352679	0.261893424089
-38.75703125	29.9160065937	-38.75703125	0.262355119937
-38.7036272321	29.8674379067	-38.7036272321	0.262819021207
-38.6502232143	29.8191108047	-38.6502232143	0.263285103035
-38.5968191964	29.7710284008	-38.5968191964	0.263753340264
-38.5434151786	29.7231937833	-38.5434151786	0.264223707446
-38.4900111607	29.6706659426	-38.4900111607	0.264649781132
-38.4366071429	29.6123727323	-38.4366071429	0.265022714307
-38.383203125	29.5542185723	-38.383203125	0.265398342843
-38.3297991071	29.4962075887	-38.3297991071	0.265776655908
-38.2763950893	29.4383439142	-38.2763950893	0.266157642278
-38.2229910714	29.3806316875	-38.2229910714	0.266541290345
-38.1695870536	29.3230750526	-38.1695870536	0.266927588107
-38.1161830357	29.2656781576	-38.1161830357	0.267316523177
-38.0627790179	29.2084451544	-38.0627790179	0.267708082774
-38.009375	29.1513801976	-38.009375	0.268102253732
-37.9559709821	29.0944874436	-37.9559709821	0.268499022492
-37.9025669643	29.0377710499	-37.9025669643	0.268898375107
-37.8491629464	28.9812351744	-37.8491629464	0.269300297239
-37.7957589286	28.9248839742	-37.7957589286	0.269704774162
-37.7423549107	28.8687216052	-37.7423549107	0.270111790763
-37.6889508929	28.8127522206	-37.6889508929	0.27052133154
-37.635546875	28.7569799708	-37.635546875	0.270933380604
-37.5821428571	28.7014090019	-37.5821428571	0.271347921679
-37.5287388393	28.6460434552	-37.5287388393	0.271764938106
-37.4753348214	28.590887466	-37.4753348214	0.272184412841
-37.4219308036	28.5359451632	-37.4219308036	0.272606328458
-37.3685267857	28.4812206678	-37.3685267857	0.273030667147
-37.3151227679	28.4267180926	-37.3151227679	0.273457410721
-37.26171875	28.3724415408	-37.26171875	0.273886540615
-37.2083147321	28.3183951055	-37.2083147321	0.274318037887
-37.1549107143	28.2645828685	-37.1549107143	0.274751883218
-37.1015066964	28.2110088995	-37.1015066964	0.275188056921
-37.0481026786	28.1576772553	-37.0481026786	0.275626538936
-36.9946986607	28.1045919789	-36.9946986607	0.276067308835
-36.9412946429	28.0517570982	-36.9412946429	0.276510345826
-36.887890625	27.9991766256	-36.887890625	0.276955628752
-36.8344866071	27.9420533035	-36.8344866071	0.277359810664
-36.7810825893	27.8785728913	-36.7810825893	0.277707749983
-36.7276785714	27.8152142154	-36.7276785714	0.278058379894
-36.6742745536	27.7519821392	-36.6742745536	0.278411694664
-36.6208705357	27.68888155	-36.6208705357	0.278767688168
-36.5674665179	27.6259173587	-36.5674665179	0.27912635388
-36.5140625	27.5630944989	-36.5140625	0.279487684871
-36.4606584821	27.5004179259	-36.4606584821	0.279851673811
-36.4072544643	27.4378926163	-36.4072544643	0.280218312963
-36.3538504464	27.3755235664	-36.3538504464	0.280587594178
-36.3004464286	27.3133157919	-36.3004464286	0.2809595089
-36.2470424107	27.2512743268	-36.2470424107	0.281334048158
-36.1936383929	27.1894042223	-36.1936383929	0.281711202564
-36.140234375	27.1277105464	-36.140234375	0.282090962314
-36.0868303571	27.0661983822	-36.0868303571	0.282473317184
-36.0334263393	27.0048728274	-36.0334263393	0.282858256531
-35.9800223214	26.9437389934	-35.9800223214	0.283245769286
-35.9266183036	26.8828020038	-35.9266183036	0.283635843957
-35.8732142857	26.8220669938	-35.8732142857	0.284028468629
-35.8198102679	26.7615391092	-35.8198102679	0.284423630957
-35.76640625	26.701223505	-35.76640625	0.284821318169
-35.7130022321	26.6411253445	-35.7130022321	0.285221517064
-35.6595982143	26.5812497984	-35.6595982143	0.285624214012
-35.6061941964	26.5216020435	-35.6061941964	0.286029394952
-35.5527901786	26.4621872616	-35.5527901786	0.286437045392
-35.4993861607	26.4030106385	-35.4993861607	0.286847150409
-35.4459821429	26.3440773627	-35.4459821429	0.287259694646
-35.392578125	26.2853926244	-35.392578125	0.287674662316
-35.3391741071	26.2269616143	-35.3391741071	0.288092037201
-35.2857700893	26.1687895224	-35.2857700893	0.288511802649
-35.2323660714	26.1108815369	-35.2323660714	0.288933941577
-35.1789620536	26.0485819377	-35.1789620536	0.289317982269
-35.1255580357	25.9792618517	-35.1255580357	0.28964238152
-35.0721540179	25.9100434577	-35.0721540179	0.289969484583
-35.01875	25.840932522	-35.01875	0.29029929063
-34.9653459821	25.7719348594	-34.9653459821	0.290631798436
-34.9119419643	25.7030563322	-34.9119419643	0.290967006378
-34.8585379464	25.6343028498	-34.8585379464	0.291304912426
-34.8051339286	25.5656803676	-34.8051339286	0.291645514143
-34.7517299107	25.4971948863	-34.7517299107	0.291988808673
-34.6983258929	25.4288524512	-34.6983258929	0.292334792745
-34.644921875	25.3606591511	-34.644921875	0.29268346266
-34.5915178571	25.2926211174	-34.5915178571	0.29303481429
-34.5381138393	25.2247445236	-34.5381138393	0.293388843074
-34.4847098214	25.1570355839	-34.4847098214	0.293745544013
-34.4313058036	25.0895005521	-34.4313058036	0.294104911662
-34.3779017857	25.0221457212	-34.3779017857	0.294466940132
-34.3244977679	24.9549774219	-34.3244977679	0.294831623081
-34.27109375	24.8880020214	-34.27109375	0.29519895371
-34.2176897321	24.8212259228	-34.2176897321	0.29556892476
-34.1642857143	24.7546555636	-34.1642857143	0.295941528509
-34.1108816964	24.6882974144	-34.1108816964	0.296316756768
-34.0574776786	24.6221579782	-34.0574776786	0.296694600873
-34.0040736607	24.5562437887	-34.0040736607	0.297075051688
-33.9506696429	24.4905614093	-33.9506696429	0.297458099597
-33.897265625	24.4251174319	-33.897265625	0.2978437345
-33.8438616071	24.3599184752	-33.8438616071	0.298231945815
-33.7904575893	24.2949711837	-33.7904575893	0.298622722469
-33.7370535714	24.2302822263	-33.7370535714	0.299016052898
-33.6836495536	24.1658582948	-33.6836495536	0.299411925043
-33.6302455357	24.1017061024	-33.6302455357	0.299810326349
-33.5768415179	24.0378323825	-33.5768415179	0.300211243762
-33.5234375	23.9697275854	-33.5234375	0.300576898204
-33.4700334821	23.8938609412	-33.4700334821	0.300879118538
-33.4166294643	23.8180726517	-33.4166294643	0.301184072834
-33.3632254464	23.7423696186	-33.3632254464	0.301491765189
-33.3098214286	23.6667588264	-33.3098214286	0.301802199316
-33.2564174107	23.591247341	-33.2564174107	0.302115378534
-33.2030133929	23.5158423103	-33.2030133929	0.302431305766
-33.149609375	23.4405509627	-33.149609375	0.302749983525
-33.0962053571	23.3653806072	-33.0962053571	0.30307141391
-33.0428013393	23.2903386325	-33.0428013393	0.3033955986
-32.9893973214	23.2154325063	-32.9893973214	0.30372253884
-32.9359933036	23.1406697747	-32.9359933036	0.304052235441
-32.8825892857	23.0660580613	-32.8825892857	0.304384688767
-32.8291852679	22.9916050667	-32.8291852679	0.304719898728
-32.77578125	22.9173185672	-32.77578125	0.305057864777
-32.7223772321	22.8432064141	-32.7223772321	0.305398585896
-32.6689732143	22.7692765331	-32.6689732143	0.305742060593
-32.6155691964	22.6955369225	-32.6155691964	0.306088286894
-32.5621651786	22.6219956529	-32.5621651786	0.306437262334
-32.5087611607	22.5486608657	-32.5087611607	0.306788983951
-32.4553571429	22.4755407721	-32.4553571429	0.307143448278
-32.401953125	22.4026436519	-32.401953125	0.307500651339
-32.3485491071	22.3299778518	-32.3485491071	0.307860588635
-32.2951450893	22.257551785	-32.2951450893	0.308223255146
-32.2417410714	22.1853739287	-32.2417410714	0.308588645316
-32.1883370536	22.1134528238	-32.1883370536	0.308956753052
-32.1349330357	22.0417970725	-32.1349330357	0.309327571713
-32.0815290179	21.9704153372	-32.0815290179	0.309701094109
-32.028125	21.8993163391	-32.028125	0.310077312489
-31.9747209821	21.8285088561	-31.9747209821	0.310456218535
-31.9213169643	21.7580017213	-31.9213169643	0.310837803362
-31.8679129464	21.6834448733	-31.8679129464	0.311186819641
-31.8145089286	21.6003048947	-31.8145089286	0.311468097226
-31.7611049107	21.5172163936	-31.7611049107	0.311752155884
-31.7077008929	21.4341877408	-31.7077008929	0.312039004894
-31.654296875	21.3512274389	-31.654296875	0.312328653174
-31.6008928571	21.2683441227	-31.6008928571	0.312621109269
-31.5474888393	21.1855465593	-31.5474888393	0.312916381341
-31.4940848214	21.1028436479	-31.4940848214	0.313214477161
-31.4406808036	21.0202444202	-31.4406808036	0.313515404093
-31.3872767857	20.93775804	-31.3872767857	0.313819169089
-31.3338727679	20.8553938032	-31.3338727679	0.314125778673
-31.28046875	20.7731611375	-31.28046875	0.314435238933
-31.2270647321	20.6910696025	-31.2270647321	0.314747555509
-31.1736607143	20.6091288886	-31.1736607143	0.315062733581
-31.1202566964	20.5273488173	-31.1202566964	0.31538077786
-31.0668526786	20.4457393405	-31.0668526786	0.315701692575
-31.0134486607	20.3643105397	-31.0134486607	0.316025481462
-30.9600446429	20.2830726257	-30.9600446429	0.316352147752
-30.906640625	20.2020359376	-30.906640625	0.316681694163
-30.8532366071	20.1212109422	-30.8532366071	0.317014122883
-30.7998325893	20.040608233	-30.7998325893	0.317349435564
-30.7464285714	19.9602385291	-30.7464285714	0.317687633307
-30.6930245536	19.8801126746	-30.6930245536	0.318028716652
-30.6396205357	19.8002416368	-30.6396205357	0.318372685567
-30.5862165179	19.7206365056	-30.5862165179	0.318719539437
-30.5328125	19.6413084917	-30.5328125	0.319069277049
-30.4794084821	19.5622689254	-30.4794084821	0.319421896587
-30.4260044643	19.483529255	-30.4260044643	0.319777395613
-30.3726004464	19.4051010454	-30.3726004464	0.320135771064
-30.3191964286	19.3269959759	-30.3191964286	0.320497019235
-30.2657924107	19.249225839	-30.2657924107	0.320861135769
-30.2123883929	19.1676250523	-30.2123883929	0.321195263847
-30.158984375	19.076548348	-30.158984375	0.321456676194
-30.1055803571	18.9854933732	-30.1055803571	0.321720934647
-30.0521763393	18.8944704644	-30.0521763393	0.321988054199
-29.9987723214	18.8034901649	-29.9987723214	0.322258049516
-29.9453683036	18.7125632256	-29.9453683036	0.322530934931
-29.8919642857	18.6217006068	-29.8919642857	0.322806724428
-29.8385602679	18.530913479	-29.8385602679	0.323085431624
-29.78515625	18.4402132246	-29.78515625	0.323367069759
-29.7317522321	18.3496114387	-29.7317522321	0.32365165168
-29.6783482143	18.2591199304	-29.6783482143	0.323939189826
-29.6249441964	18.1687507236	-29.6249441964	0.324229696212
-29.5715401786	18.0785160577	-29.5715401786	0.324523182414
-29.5181361607	17.9884283887	-29.5181361607	0.324819659555
-29.4647321429	17.8985003896	-29.4647321429	0.325119138286
-29.411328125	17.8087449512	-29.411328125	0.325421628774
-29.3579241071	17.7191751823	-29.3579241071	0.325727140682
-29.3045200893	17.6298044099	-29.3045200893	0.326035683156
-29.2511160714	17.5406461799	-29.2511160714	0.326347264805
-29.1977120536	17.4517142569	-29.1977120536	0.326661893686
-29.1443080357	17.363022624	-29.1443080357	0.326979577288
-29.0909040179	17.2745854827	-29.0909040179	0.327300322514
-29.0375	17.1864172529	-29.0375	0.327624135663
-28.9840959821	17.098532572	-28.9840959821	0.327951022412
-28.9306919643	17.0109462945	-28.9306919643	0.328280987803
-28.8772879464	16.9236734915	-28.8772879464	0.328614036219
-28.8238839286	16.8367294492	-28.8238839286	0.32895017137
-28.7704799107	16.7501296682	-28.7704799107	0.329289396274
-28.7170758929	16.6638898624	-28.7170758929	0.329631713241
-28.663671875	16.5780259572	-28.663671875	0.329977123852
-28.6102678571	16.4925540883	-28.6102678571	0.330325628941
-28.5568638393	16.4035345817	-28.5568638393	0.330646645064
-28.5034598214	16.3041064636	-28.5034598214	0.330889084964
-28.4500558036	16.2046704841	-28.4500558036	0.331134455776
-28.3966517857	16.1052397247	-28.3966517857	0.331382779078
-28.3432477679	16.005827589	-28.3432477679	0.331634076195
-28.28984375	15.9064478067	-28.28984375	0.331888368174
-28.2364397321	15.8071144372	-28.2364397321	0.332145675772
-28.1830357143	15.7078418739	-28.1830357143	0.332406019434
-28.1296316964	15.6086448475	-28.1296316964	0.332669419276
-28.0762276786	15.5095384297	-28.0762276786	0.332935895066
-28.0228236607	15.410538037	-28.0228236607	0.333205466201
-27.9694196429	15.3116594339	-27.9694196429	0.333478151691
-27.916015625	15.2129187361	-27.916015625	0.333753970133
-27.8626116071	15.1143324138	-27.8626116071	0.334032939696
-27.8092075893	15.0159172948	-27.8092075893	0.334315078094
-27.7558035714	14.9176905674	-27.7558035714	0.334600402564
-27.7023995536	14.8196697829	-27.7023995536	0.334888929847
-27.6489955357	14.7218728584	-27.6489955357	0.335180676162
-27.5955915179	14.6243180791	-27.5955915179	0.335475657183
-27.5421875	14.5270241007	-27.5421875	0.335773888012
-27.4887834821	14.4300099512	-27.4887834821	0.33607538316
-27.4353794643	14.3332950329	-27.4353794643	0.336380156519
-27.3819754464	14.2368991237	-27.3819754464	0.336688221334
-27.3285714286	14.140842379	-27.3285714286	0.336999590181
-27.2751674107	14.0451453325	-27.2751674107	0.337314274939
-27.2217633929	13.9498288973	-27.2217633929	0.337632286762
-27.168359375	13.8549143662	-27.168359375	0.337953636055
-27.1149553571	13.7604234127	-27.1149553571	0.338278332441
-27.0615513393	13.6663780904	-27.0615513393	0.33860638474
-27.0081473214	13.5728008335	-27.0081473214	0.338937800934
-26.9547433036	13.4797144557	-26.9547433036	0.339272588144
-26.9013392857	13.3834706739	-26.9013392857	0.339582345585
-26.8479352679	13.2759280463	-26.8479352679	0.33980648524
-26.79453125	13.1683570067	-26.79453125	0.340033663115
-26.7411272321	13.0607746792	-26.7411272321	0.340263908741
-26.6877232143	12.9531986971	-26.6877232143	0.340497251498
-26.6343191964	12.8456472118	-26.6343191964	0.340733720596
-26.5809151786	12.7381389021	-26.5809151786	0.340973345055
-26.5275111607	12.6306929825	-26.5275111607	0.341216153674
-26.4741071429	12.5233292126	-26.4741071429	0.341462175015
-26.420703125	12.4160679059	-26.420703125	0.341711437372
-26.3672991071	12.308929938	-26.3672991071	0.341963968746
-26.3138950893	12.2019367557	-26.3138950893	0.34221979682
-26.2604910714	12.0951103854	-26.2604910714	0.342478948928
-26.2070870536	11.9884734411	-26.2070870536	0.342741452029
-26.1536830357	11.882049133	-26.1536830357	0.343007332674
-26.1002790179	11.7758612752	-26.1002790179	0.343276616978
-26.046875	11.6699342938	-26.046875	0.343549330584
-25.9934709821	11.5642932342	-25.9934709821	0.343825498636
-25.9400669643	11.4589637685	-25.9400669643	0.344105145741
-25.8866629464	11.3539722032	-25.8866629464	0.344388295935
-25.8332589286	11.249345485	-25.8332589286	0.344674972647
-25.7798549107	11.1451112082	-25.7798549107	0.344965198663
-25.7264508929	11.0412976207	-25.7264508929	0.345258996088
-25.673046875	10.9379336295	-25.673046875	0.345556386306
-25.6196428571	10.8350488066	-25.6196428571	0.345857389941
-25.5662388393	10.732673394	-25.5662388393	0.346162026818
-25.5128348214	10.6308383081	-25.5128348214	0.346470315916
-25.4594308036	10.5295751444	-25.4594308036	0.34678227533
-25.4060267857	10.4289161805	-25.4060267857	0.347097922226
-25.3526227679	10.3288943799	-25.3526227679	0.347417272793
-25.29921875	10.2295433944	-25.29921875	0.347740342202
-25.2458147321	10.1276081606	-25.2458147321	0.348040854748
-25.1924107143	10.0137208923	-25.1924107143	0.348247097679
-25.1390066964	9.89981713178	-25.1390066964	0.348456512273
-25.0856026786	9.78592038158	-25.0856026786	0.348669138085
-25.0321986607	9.67205497066	-25.0321986607	0.348885014706
-24.9787946429	9.55824607384	-24.9787946429	0.349104181734
-24.925390625	9.4445197312	-24.925390625	0.349326678747
-24.8719866071	9.33090286756	-24.8719866071	0.349552545274
-24.8185825893	9.21742331209	-24.8185825893	0.349781820762
-24.7651785714	9.10410981791	-24.7651785714	0.350014544545
-24.7117745536	8.99099208179	-24.7117745536	0.350250755808
-24.6583705357	8.87810076372	-24.6583705357	0.350490493556
-24.6049665179	8.76546750657	-24.6049665179	0.350733796567
-24.5515625	8.65312495558	-24.5515625	0.350980703361
-24.4981584821	8.54110677776	-24.4981584821	0.351231252155
-24.4447544643	8.42944768118	-24.4447544643	0.351485480821
-24.3913504464	8.31818343399	-24.3913504464	0.351743426839
-24.3379464286	8.20735088328	-24.3379464286	0.352005127253
-24.2845424107	8.09698797361	-24.2845424107	0.352270618618
-24.2311383929	7.98713376521	-24.2311383929	0.352539936954
-24.177734375	7.87782845183	-24.177734375	0.352813117688
-24.1243303571	7.76911337813	-24.1243303571	0.353090195601
-24.0709263393	7.66103105652	-24.0709263393	0.353371204773
-24.0175223214	7.55362518358	-24.0175223214	0.353656178518
-23.9641183036	7.44694065568	-23.9641183036	0.353945149326
-23.9107142857	7.34102358408	-23.9107142857	0.354238148798
-23.8573102679	7.23592130917	-23.8573102679	0.354535207581
-23.80390625	7.1316824139	-23.80390625	0.354836355296
-23.7505022321	7.02835673632	-23.7505022321	0.355141620469
-23.6970982143	6.9259953811	-23.6970982143	0.355451030461
-23.6436941964	6.82465073006	-23.6436941964	0.355764611385
-23.5902901786	6.72161917713	-23.5902901786	0.35605819618
-23.5368861607	6.60666920009	-23.5368861607	0.356246588387
-23.4834821429	6.4918076534	-23.4834821429	0.3564383161
-23.430078125	6.3770690262	-23.430078125	0.356633432101
-23.3766741071	6.26248920486	-23.3766741071	0.356831989524
-23.3232700893	6.14810551396	-23.3232700893	0.357034041827
-23.2698660714	6.03395675788	-23.2698660714	0.35723964276
-23.2164620536	5.92008326292	-23.2164620536	0.357448846322
-23.1630580357	5.80652691996	-23.1630580357	0.357661706732
-23.1096540179	5.69333122758	-23.1096540179	0.357878278379
-23.05625	5.5805413356	-23.05625	0.358098615782
-23.0028459821	5.46820408896	-23.0028459821	0.358322773542
-22.9494419643	5.35636807188	-22.9494419643	0.358550806289
-22.8960379464	5.24508365227	-22.8960379464	0.358782768631
-22.8426339286	5.13440302623	-22.8426339286	0.359018715094
-22.7892299107	5.02438026264	-22.7892299107	0.359258700062
-22.7358258929	4.91507134766	-22.7358258929	0.359502777712
-22.682421875	4.8065342291	-22.682421875	0.359751001942
-22.6290178571	4.69882886053	-22.6290178571	0.360003426303
-22.5756138393	4.59201724501	-22.5756138393	0.360260103919
-22.5222098214	4.48616347826	-22.5222098214	0.360521087405
-22.4688058036	4.38133379125	-22.4688058036	0.36078642878
-22.4154017857	4.27759659192	-22.4154017857	0.36105617938
-22.3619977679	4.17502250596	-22.3619977679	0.361330389759
-22.30859375	4.07368441643	-22.30859375	0.36160910959
-22.2551897321	3.9736575021	-22.2551897321	0.361892387558
-22.2017857143	3.8750192742	-22.2017857143	0.36218027125
-22.1483816964	3.7778496115	-22.1483816964	0.362472807042
-22.0949776786	3.68223079343	-22.0949776786	0.362770039971
-22.0415736607	3.58824753095	-22.0415736607	0.363072013614
-21.9881696429	3.4959869951	-21.9881696429	0.363378769952
-21.934765625	3.40354432343	-21.934765625	0.363668295692
-21.8813616071	3.30095956579	-21.8813616071	0.363838383402
-21.8279575893	3.19882046234	-21.8279575893	0.364012004793
-21.7745535714	3.09718259018	-21.7745535714	0.364189230923
-21.7211495536	2.99610402571	-21.7211495536	0.36437013379
-21.6677455357	2.8956454332	-21.6677455357	0.364554786299
-21.6143415179	2.79587015534	-21.6143415179	0.364743262227
-21.5609375	2.69684430558	-21.5609375	0.364935636185
-21.5075334821	2.59863686242	-21.5075334821	0.365131983571
-21.4541294643	2.5013197652	-21.4541294643	0.365332380523
-21.4007254464	2.40496801159	-21.4007254464	0.365536903857
-21.3473214286	2.30965975646	-21.3473214286	0.365745631015
-21.2939174107	2.21547641206	-21.2939174107	0.36595863999
-21.2405133929	2.12250274927	-21.2405133929	0.366176009255
-21.187109375	2.03082699976	-21.187109375	0.36639781768
-21.1337053571	1.94054095882	-21.1337053571	0.366624144447
-21.0803013393	1.85174008856	-21.0803013393	0.36685506895
-21.0268973214	1.76452362133	-21.0268973214	0.367090670691
-20.9734933036	1.67899466285	-20.9734933036	0.367331029167
-20.9200892857	1.59526029482	-20.9200892857	0.367576223746
-20.8666852679	1.51343167663	-20.8666852679	0.367826333537
-20.81328125	1.43362414568	-20.81328125	0.368081437246
-20.7598772321	1.35595731588	-20.7598772321	0.368341613021
-20.7064732143	1.28055517378	-20.7064732143	0.368606938288
-20.6530691964	1.20754617185	-20.6530691964	0.368877489577
-20.5996651786	1.13706331822	-20.5996651786	0.369153342331
-20.5462611607	1.06924426225	-20.5462611607	0.369434570704
-20.4928571429	1.00423137529	-20.4928571429	0.369721247348
-20.439453125	0.942171825695	-20.439453125	0.370013443186
-20.3860491071	0.883217647508	-20.3860491071	0.370311227164
-20.3326450893	0.827525801698	-20.3326450893	0.370614665999
-20.2792410714	0.774376376862	-20.2792410714	0.370904040635
-20.2258370536	0.717180778522	-20.2258370536	0.371054589748
-20.1724330357	0.661476137121	-20.1724330357	0.371208904697
-20.1190290179	0.607363822716	-20.1190290179	0.371367083073
-20.065625	0.554950010947	-20.065625	0.371529224547
-20.0122209821	0.504345878549	-20.0122209821	0.37169543086
-19.9588169643	0.455667804104	-19.9588169643	0.371865805801
-19.9054129464	0.409037573827	-19.9054129464	0.372040455175
-19.8520089286	0.364582592155	-19.8520089286	0.372219486769
-19.7986049107	0.322436096818	-19.7986049107	0.372403010297
-19.7452008929	0.282737378025	-19.7452008929	0.372591137349
-19.691796875	0.245632001305	-19.691796875	0.372783981315
-19.6383928571	0.211272033493	-19.6383928571	0.372981657305
-19.5849888393	0.179816271212	-19.5849888393	0.373184282048
-19.5315848214	0.151430471146	-19.5315848214	0.373391973788
-19.4781808036	0.126287581257	-19.4781808036	0.373604852144
-19.4247767857	0.104567972002	-19.4247767857	0.373823037973
-19.3713727679	0.0864596664405	-19.3713727679	0.374046653202
-19.31796875	0.072158568012	-19.31796875	0.374275820638
-19.2645647321	0.0618686845845	-19.2645647321	0.374510663763
-19.2111607143	0.0558023472	-19.2111607143	0.3747513065
-19.1577566964	0.0541804217714	-19.1577566964	0.374997872954
-19.1043526786	0.0572325117727	-19.1043526786	0.375250487122
-19.0509486607	0.0651971497535	-19.0509486607	0.375509272581
-18.9975446429	0.0783219752771	-18.9975446429	0.375774352136
-18.944140625	0.0968638966366	-18.944140625	0.37604584744
-18.8907366071	0.121089233439	-18.8907366071	0.376323878571
-18.8373325893	0.151273836874	-18.8373325893	0.37660856358
-18.7839285714	0.187703184201	-18.7839285714	0.376900017994
-18.7305245536	0.230672443658	-18.7305245536	0.377198354269
-18.6771205357	0.280486505727	-18.6771205357	0.377503681214
-18.6237165179	0.33295909006	-18.6237165179	0.377798888544
-18.5703125	0.345526655219	-18.5703125	0.377927339911
-18.5169084821	0.361443679729	-18.5169084821	0.378059804458
-18.4635044643	0.380902974903	-18.4635044643	0.378196420233
-18.4101004464	0.404107439832	-18.4101004464	0.378337329807
-18.3566964286	0.431270545609	-18.3566964286	0.378482680337
-18.3032924107	0.462616835483	-18.3032924107	0.378632623635
-18.2498883929	0.498382440246	-18.2498883929	0.378787316203
-18.196484375	0.538815607895	-18.196484375	0.378946919272
-18.1430803571	0.584177246323	-18.1430803571	0.379111598811
-18.0896763393	0.634741477464	-18.0896763393	0.379281525519
-18.0362723214	0.690796200909	-18.0362723214	0.379456874793
-17.9828683036	0.752643664602	-17.9828683036	0.37963782667
-17.9294642857	0.820601039677	-17.9294642857	0.379824565734
-17.8760602679	0.895000995969	-17.8760602679	0.38001728099
-17.82265625	0.97619227405	-17.82265625	0.380216165698
-17.7692522321	1.06454024894	-17.7692522321	0.380421417158
-17.7158482143	1.16042747977	-17.7158482143	0.380633236449
-17.6624441964	1.26425423889	-17.6624441964	0.380851828104
-17.6090401786	1.37643901264	-17.6090401786	0.381077399726
-17.5556361607	1.49741896518	-17.5556361607	0.381310161526
-17.5022321429	1.62765035531	-17.5022321429	0.381550325788
-17.448828125	1.76760889485	-17.448828125	0.381798106243
-17.3954241071	1.91779003578	-17.3954241071	0.382053717336
-17.3420200893	2.07870917149	-17.3420200893	0.382317373404
-17.2886160714	2.25090173596	-17.2886160714	0.382589287713
-17.2352120536	2.43492318258	-17.2352120536	0.382869671388
-17.1818080357	2.63134882244	-17.1818080357	0.383158732182
-17.1284040179	2.84077349968	-17.1284040179	0.383456673106
-17.075	3.06381107939	-17.075	0.383763690887
-17.0215959821	3.30109372113	-17.0215959821	0.38407997425
-16.9681919643	3.54190835633	-16.9681919643	0.384391694823
-16.9147879464	3.6167004928	-16.9147879464	0.384492938093
-16.8613839286	3.69719896883	-16.8613839286	0.3845983619
-16.8079799107	3.78376640134	-16.8079799107	0.384708167762
-16.7545758929	3.87678908849	-16.7545758929	0.384822567495
-16.701171875	3.976678535	-16.701171875	0.38494178366
-16.6477678571	4.08387305653	-16.6477678571	0.385066050011
-16.5943638393	4.19883946263	-16.5943638393	0.385195611944
-16.5409598214	4.3220748158	-16.5409598214	0.385330726915
-16.4875558036	4.45410826327	-16.4875558036	0.38547166486
-16.4341517857	4.59550293526	-16.4341517857	0.385618708564
-16.3807477679	4.74685790155	-16.3807477679	0.385772154005
-16.32734375	4.90881017478	-16.32734375	0.385932310636
-16.2739397321	5.08203674508	-16.2739397321	0.386099501598
-16.2205357143	5.26725662632	-16.2205357143	0.386274063848
-16.1671316964	5.4652328887	-16.1671316964	0.386456348171
-16.1137276786	5.67677464596	-16.1137276786	0.386646719063
-16.0603236607	5.90273895792	-16.0603236607	0.386845554442
-16.0069196429	6.14403259998	-16.0069196429	0.387053245166
-15.953515625	6.40161364092	-15.953515625	0.387270194301
-15.9001116071	6.67649275793	-15.9001116071	0.387496816117
-15.8467075893	6.9697342038	-15.8467075893	0.387733534727
-15.7933035714	7.28245632536	-15.7933035714	0.38798078235
-15.7398995536	7.61583151354	-15.7398995536	0.388238997087
-15.6864955357	7.97108544533	-15.6864955357	0.388508620176
-15.6330915179	8.34949545487	-15.6330915179	0.388790092606
-15.5796875	8.75238784606	-15.5796875	0.389083851029
-15.5262834821	9.18113393206	-15.5262834821	0.389390322848
-15.4728794643	9.63714455871	-15.4728794643	0.389709920389
-15.4194754464	10.1218628398	-15.4194754464	0.39004303403
-15.3660714286	10.6367548031	-15.3660714286	0.39039002419
-15.3126674107	11.1690344495	-15.3126674107	0.390741915524
-15.2592633929	11.2643599669	-15.2592633929	0.390805161184
-15.205859375	11.3671776239	-15.205859375	0.390872214571
-15.1524553571	11.4781283739	-15.1524553571	0.390943360869
-15.0990513393	11.5979150987	-15.0990513393	0.391018910109
-15.0456473214	11.727309121	-15.0456473214	0.391099199504
-14.9922433036	11.8671574084	-14.9922433036	0.391184595996
-14.9388392857	12.0183905308	-14.9388392857	0.39127549901
-14.8854352679	12.1820314319	-14.8854352679	0.391372343444
-14.83203125	12.359205071	-14.83203125	0.391475602868
-14.7786272321	12.5511489875	-14.7786272321	0.391585792962
-14.7252232143	12.7592248242	-14.7252232143	0.391703475137
-14.6718191964	12.9849308267	-14.6718191964	0.391829260349
-14.6184151786	13.2299153054	-14.6184151786	0.391963813023
-14.5650111607	13.4959909988	-14.5650111607	0.392107855035
-14.5116071429	13.7851502142	-14.5116071429	0.392262169631
-14.458203125	14.0995805255	-14.458203125	0.392427605122
-14.4047991071	14.4416806878	-14.4047991071	0.392605078148
-14.3513950893	14.8140762506	-14.3513950893	0.392795576197
-14.2979910714	15.2196341265	-14.2979910714	0.393000158985
-14.2445870536	15.6614750658	-14.2445870536	0.393219958158
-14.1911830357	16.1429825926	-14.1911830357	0.393456174613
-14.1377790179	16.6678064449	-14.1377790179	0.393710072526
-14.084375	17.2398579169	-14.084375	0.393982968929
-14.0309709821	17.8632936963	-14.0309709821	0.394276217372
-13.9775669643	18.5424838167	-13.9775669643	0.394591183853
-13.9241629464	19.2819582029	-13.9241629464	0.394929212836
-13.8707589286	20.0863250029	-13.8707589286	0.395291580756
-13.8173549107	20.9601525616	-13.8173549107	0.395679434101
-13.7639508929	21.9078056386	-13.7639508929	0.396093708869
-13.710546875	22.9332255851	-13.710546875	0.396535028262
-13.6571428571	24.0396440855	-13.6571428571	0.39700357588
