input_dbfs	error_exact_db	error_miscut_db	leak_h2_db	leak_h3_db	leak_h4_db	leak_h5_db	leak_h6_db	leak_h7_db	leak_h8_db	leak_h9_db
-70	-2.99121722946e-08	-2.99121722946e-08	-158.237379379	-171.756323574	-180.177672051	-186.403941105	-191.374054766	-195.521367237	-199.08468777	-202.210652588
-68.3428571429	-2.99121722946e-08	-2.99121722946e-08	-158.23737939	-171.756323565	-180.177671981	-186.403941166	-191.374054864	-195.521367222	-199.084685712	-202.210650966
-66.6857142857	-2.99121722946e-08	-2.99121580838e-08	-158.237379411	-171.756323539	-180.177672377	-186.403943158	-191.374055501	-195.521373597	-199.084686096	-202.210654738
-65.0285714286	-2.99121580838e-08	-2.99121580838e-08	-158.237379409	-171.75632358	-180.177671617	-186.403941619	-191.374054214	-195.521367032	-199.084687209	-202.210655175
-63.3714285714	-2.99121651892e-08	-2.99121580838e-08	-158.237379464	-171.756323517	-180.177673179	-186.40394218	-191.374055452	-195.521371283	-199.084683226	-202.21065427
-61.7142857143	-2.99121651892e-08	-2.99121722946e-08	-158.237379554	-171.756323552	-180.177674191	-186.403939303	-191.374055558	-195.521360832	-199.084693414	-202.210649153
-60.0571428571	-2.99121722946e-08	-2.99121651892e-08	-158.237379436	-171.756323641	-180.177672698	-186.403943158	-191.374055424	-195.521371042	-199.084684059	-202.210649221
-58.4	-2.99121722946e-08	-2.99121722946e-08	-158.2373795	-171.756323306	-180.177674243	-186.403940335	-191.37406095	-195.521363878	-199.084692884	-202.210608998
-56.7428571429	-2.99121580838e-08	-2.99121580838e-08	-158.23737952	-171.756323333	-180.177674392	-186.403939774	-191.374059958	-195.521361751	-199.084695692	-202.210608953
-55.0857142857	-2.99121722946e-08	-2.99121722946e-08	-158.237379398	-171.756323901	-180.177672174	-186.403944447	-191.374054345	-195.521373341	-199.08468763	-202.210616179
-53.4285714286	-2.99121651892e-08	-2.99121651892e-08	-158.237379202	-171.756323415	-180.177670278	-186.403938426	-191.374051193	-195.521364225	-199.084676557	-202.210618182
-51.7714285714	-2.99121580838e-08	-2.99121580838e-08	-158.237379306	-171.756323625	-180.177670587	-186.403941965	-191.374053083	-195.521367024	-199.08468943	-202.210614461
-50.1142857143	-2.99121722946e-08	-2.99121722946e-08	-158.237379411	-171.756323714	-180.177672516	-186.4039434	-191.374056855	-195.521371363	-199.084692321	-202.21061534
-48.4571428571	-2.99121651892e-08	-2.99121651892e-08	-158.237379605	-171.75632347	-180.177673597	-186.403937364	-191.374057558	-195.521364389	-199.084705663	-202.210622593
-46.8	-2.99121580838e-08	-2.99121580838e-08	-158.237379466	-171.75632338	-180.177672664	-186.403940759	-191.374055737	-195.521368872	-199.084648748	-202.210614446
-45.1428571429	-2.99121651892e-08	-2.99121651892e-08	-158.237379267	-171.756323069	-180.177665266	-186.403941872	-191.37403483	-195.521376639	-199.084700146	-202.210698689
-43.4857142857	-2.99121580838e-08	-2.99121580838e-08	-158.237379301	-171.756323368	-180.177663741	-186.403940964	-191.374037592	-195.521378411	-199.08469695	-202.210730399
-41.8285714286	-2.99121651892e-08	-2.99121651892e-08	-158.237379243	-171.756323072	-180.177665024	-186.403941017	-191.374033022	-195.521382929	-199.084701327	-202.210713155
-40.1714285714	-2.99121651892e-08	-2.99121651892e-08	-158.237379548	-171.756324358	-180.177667585	-186.403942313	-191.374028039	-195.521356821	-199.084666724	-202.210666345
-38.5142857143	-2.99121651892e-08	-2.99121651892e-08	-158.237379576	-171.756324105	-180.177668032	-186.403939963	-191.3740304	-195.521344788	-199.084681796	-202.210647422
-36.8571428571	-2.99121651892e-08	-2.99121651892e-08	-158.237379289	-171.756323026	-180.177665898	-186.403942222	-191.37403701	-195.521370765	-199.084701372	-202.210676584
-35.2	-2.99121651892e-08	-2.99121651892e-08	-158.237379308	-171.756323341	-180.177664113	-186.403941035	-191.374038273	-195.521376211	-199.084687692	-202.210715632
-33.5428571429	-2.99121651892e-08	-2.99121651892e-08	-158.23737922	-171.756323103	-180.177665232	-186.40394022	-191.374032743	-195.521386265	-199.084688029	-202.210713061
-31.8857142857	-2.99121651892e-08	-2.99121651892e-08	-158.237379509	-171.756324378	-180.177667783	-186.403943146	-191.374029541	-195.521365817	-199.084667298	-202.210669036
-30.2285714286	-2.99121651892e-08	-2.99121651892e-08	-158.237379593	-171.756323994	-180.177668503	-186.403939374	-191.37403305	-195.521344633	-199.084691476	-202.210638511
-28.5714285714	-2.99121651892e-08	-2.99121651892e-08	-158.237379382	-171.756323357	-180.177667046	-186.403942016	-191.374037174	-195.521359652	-199.084693517	-202.210651768
-26.9142857143	-2.99121687419e-08	-2.99121687419e-08	-158.237379315	-171.75632321	-180.177665223	-186.403941857	-191.374038046	-195.521372641	-199.084695614	-202.210688977
-25.2571428571	-2.99121651892e-08	-2.99121651892e-08	-158.237379317	-171.756323383	-180.177663893	-186.40394106	-191.374037862	-195.521377295	-199.084696411	-202.210722404
-23.6	-2.99121687419e-08	-2.99121687419e-08	-158.23737923	-171.756323074	-180.177665094	-186.403940512	-191.37403279	-195.521385098	-199.084699541	-202.210714097
-21.9428571429	-2.99121651892e-08	-2.99121651892e-08	-158.237379388	-171.756322787	-180.177670506	-186.403942338	-191.374031883	-195.521396707	-199.093046526	-202.210802315
-20.2857142857	-2.99121651892e-08	-2.99121651892e-08	-158.237379473	-171.756322919	-180.177680039	-186.403937359	-191.374072882	-195.521376409	-199.091152261	-202.210722399
-18.6285714286	-2.99121651892e-08	-2.99121651892e-08	-158.237379139	-171.756325243	-180.177676576	-186.403945999	-191.374073799	-195.521362748	-199.083130642	-202.210674289
-16.9714285714	-2.99121687419e-08	-2.99121687419e-08	-158.237378913	-171.756326647	-180.177675248	-186.40394921	-191.374081328	-195.521341591	-199.075581288	-202.210645303
-15.3142857143	-2.99121651892e-08	-2.99121634129e-08	-158.23737904	-171.756326358	-180.177676164	-186.403950772	-191.374080376	-195.521342279	-199.070682805	-202.210645961
-13.6571428571	-2.99121651892e-08	-2.99121651892e-08	-158.237379444	-171.756324552	-180.177678714	-186.403952581	-191.374066237	-195.521372835	-199.069850271	-202.210667693
-12	-0.00569873317421	-0.00571224586738	-109.726546244	-132.32018942	-141.199880288	-147.811983051	-157.448389295	-157.902153249	-165.469953254	-166.491634107
