level_dbfs	freq_hz	thd_pct	in_column
-48	20	4.09943845284	0
-48	26.2045386232	0.0332975092345	0
-48	34.3338922229	0.00748385985186	0
-48	44.985190242	0.0104035943596	0
-48	58.9408077585	0.00989799668153	0
-48	77.2258336697	0.0143886283017	0
-48	101.183367055	0.0149731675217	0
-48	132.573172502	0.0148704209725	0
-48	173.700940961	0.0146760149079	0
-48	227.587650816	0.0224130704527	1
-48	298.191469299	0.0195985891762	0
-48	390.698493718	0.0189193459993	0
-48	511.903688434	0.0260759787076	0
-48	670.709998748	0.0339048736697	0
-48	878.782303359	0.0379505772974	0
-48	1151.40424049	0.0496781893263	0
-48	1508.60084454	0.0593568111364	0
-48	1976.6094549	0.0530622378003	0
-48	2589.80694019	0.058752799033	0
-48	3393.23479955	0.0534615008758	0
-48	4445.90761813	0.0669102075002	0
-48	5825.14789473	0.0527639994941	0
-48	7632.26564968	0.0329062726144	0
-48	10000	0.1631541723	0
-42.8571428571	20	4.09961913485	0
-42.8571428571	26.2045386232	0.0308997664886	0
-42.8571428571	34.3338922229	0.00427294050524	0
-42.8571428571	44.985190242	0.00497407241502	0
-42.8571428571	58.9408077585	0.00659906308081	0
-42.8571428571	77.2258336697	0.00721089160482	0
-42.8571428571	101.183367055	0.0100963491071	0
-42.8571428571	132.573172502	0.00900735060349	0
-42.8571428571	173.700940961	0.0111209859955	0
-42.8571428571	227.587650816	0.0107217696564	1
-42.8571428571	298.191469299	0.0137919411564	0
-42.8571428571	390.698493718	0.016879167461	0
-42.8571428571	511.903688434	0.0187501742756	0
-42.8571428571	670.709998748	0.0219340418536	0
-42.8571428571	878.782303359	0.0254140685447	0
-42.8571428571	1151.40424049	0.0329804265825	0
-42.8571428571	1508.60084454	0.0328088887913	0
-42.8571428571	1976.6094549	0.0355867471241	0
-42.8571428571	2589.80694019	0.0378852301797	0
-42.8571428571	3393.23479955	0.0295559399856	0
-42.8571428571	4445.90761813	0.0395327135161	0
-42.8571428571	5825.14789473	0.0277908100431	0
-42.8571428571	7632.26564968	0.00856126093203	0
-42.8571428571	10000	0.0445930898646	0
-37.7142857143	20	4.10048921669	0
-37.7142857143	26.2045386232	0.0321740149855	0
-37.7142857143	34.3338922229	0.00622819708761	0
-37.7142857143	44.985190242	0.00613782185741	0
-37.7142857143	58.9408077585	0.00590999396253	0
-37.7142857143	77.2258336697	0.0071275774843	0
-37.7142857143	101.183367055	0.00647412423049	0
-37.7142857143	132.573172502	0.00829872899302	0
-37.7142857143	173.700940961	0.00853544816837	0
-37.7142857143	227.587650816	0.00723910540941	1
-37.7142857143	298.191469299	0.00770442854079	0
-37.7142857143	390.698493718	0.0108914297746	0
-37.7142857143	511.903688434	0.0126286039625	0
-37.7142857143	670.709998748	0.0139123220164	0
-37.7142857143	878.782303359	0.0123446714777	0
-37.7142857143	1151.40424049	0.0137313012684	0
-37.7142857143	1508.60084454	0.0147077637257	0
-37.7142857143	1976.6094549	0.0196248202182	0
-37.7142857143	2589.80694019	0.0208634035829	0
-37.7142857143	3393.23479955	0.0255560692263	0
-37.7142857143	4445.90761813	0.0222437737115	0
-37.7142857143	5825.14789473	0.0258912096213	0
-37.7142857143	7632.26564968	0.00871979850467	0
-37.7142857143	10000	0.050557606237	0
-32.5714285714	20	4.10157863052	0
-32.5714285714	26.2045386232	0.0361241862837	0
-32.5714285714	34.3338922229	0.0181549506513	0
-32.5714285714	44.985190242	0.0184405353242	0
-32.5714285714	58.9408077585	0.0186775668911	0
-32.5714285714	77.2258336697	0.0183025485666	0
-32.5714285714	101.183367055	0.0178777782953	0
-32.5714285714	132.573172502	0.0192497815919	0
-32.5714285714	173.700940961	0.0187566998522	0
-32.5714285714	227.587650816	0.0188211710217	1
-32.5714285714	298.191469299	0.0194315950481	0
-32.5714285714	390.698493718	0.0189792040044	0
-32.5714285714	511.903688434	0.0184544501791	0
-32.5714285714	670.709998748	0.0181757279894	0
-32.5714285714	878.782303359	0.0224843712019	0
-32.5714285714	1151.40424049	0.0197917518455	0
-32.5714285714	1508.60084454	0.0218592204572	0
-32.5714285714	1976.6094549	0.0243189312048	0
-32.5714285714	2589.80694019	0.0180524290693	0
-32.5714285714	3393.23479955	0.0186295873834	0
-32.5714285714	4445.90761813	0.0231187733778	0
-32.5714285714	5825.14789473	0.0190287865125	0
-32.5714285714	7632.26564968	0.00254686081248	0
-32.5714285714	10000	0.0123837279847	0
-27.4285714286	20	4.10561587934	0
-27.4285714286	26.2045386232	0.0671943177181	0
-27.4285714286	34.3338922229	0.0598450422994	0
-27.4285714286	44.985190242	0.060492290257	0
-27.4285714286	58.9408077585	0.0605055481406	0
-27.4285714286	77.2258336697	0.0599297682599	0
-27.4285714286	101.183367055	0.0604853680806	0
-27.4285714286	132.573172502	0.0601792364903	0
-27.4285714286	173.700940961	0.0605875817418	0
-27.4285714286	227.587650816	0.0604118112073	1
-27.4285714286	298.191469299	0.0597918923402	0
-27.4285714286	390.698493718	0.0593023891205	0
-27.4285714286	511.903688434	0.0600567107022	0
-27.4285714286	670.709998748	0.061220675595	0
-27.4285714286	878.782303359	0.0617788872401	0
-27.4285714286	1151.40424049	0.0600852896552	0
-27.4285714286	1508.60084454	0.0599442655344	0
-27.4285714286	1976.6094549	0.0614981754891	0
-27.4285714286	2589.80694019	0.0591384370572	0
-27.4285714286	3393.23479955	0.0590940215456	0
-27.4285714286	4445.90761813	0.0602605285375	0
-27.4285714286	5825.14789473	0.0557016703158	0
-27.4285714286	7632.26564968	0.00230591775882	0
-27.4285714286	10000	0.0155796295885	0
-22.2857142857	20	4.11853469397	0
-22.2857142857	26.2045386232	0.196094059308	0
-22.2857142857	34.3338922229	0.195716201056	0
-22.2857142857	44.985190242	0.195794654387	0
-22.2857142857	58.9408077585	0.195720184664	0
-22.2857142857	77.2258336697	0.195762040165	0
-22.2857142857	101.183367055	0.19575897106	0
-22.2857142857	132.573172502	0.195672133447	0
-22.2857142857	173.700940961	0.195611047984	0
-22.2857142857	227.587650816	0.196046393061	1
-22.2857142857	298.191469299	0.195525373226	0
-22.2857142857	390.698493718	0.195915181268	0
-22.2857142857	511.903688434	0.195588694103	0
-22.2857142857	670.709998748	0.196134143678	0
-22.2857142857	878.782303359	0.196443364285	0
-22.2857142857	1151.40424049	0.195944393498	0
-22.2857142857	1508.60084454	0.195489879389	0
-22.2857142857	1976.6094549	0.196994865281	0
-22.2857142857	2589.80694019	0.195728136179	0
-22.2857142857	3393.23479955	0.196413807085	0
-22.2857142857	4445.90761813	0.194645670097	0
-22.2857142857	5825.14789473	0.195483819123	0
-22.2857142857	7632.26564968	0.00181131729894	0
-22.2857142857	10000	0.0144371673406	0
-17.1428571429	20	4.17816010665	0
-17.1428571429	26.2045386232	0.624686099853	0
-17.1428571429	34.3338922229	0.631501598322	0
-17.1428571429	44.985190242	0.631420862834	0
-17.1428571429	58.9408077585	0.631399877279	0
-17.1428571429	77.2258336697	0.631581977636	0
-17.1428571429	101.183367055	0.631379333409	0
-17.1428571429	132.573172502	0.631348009303	0
-17.1428571429	173.700940961	0.631411851606	0
-17.1428571429	227.587650816	0.631466949056	1
-17.1428571429	298.191469299	0.631371491853	0
-17.1428571429	390.698493718	0.631205780268	0
-17.1428571429	511.903688434	0.631290609797	0
-17.1428571429	670.709998748	0.631728912473	0
-17.1428571429	878.782303359	0.631261638357	0
-17.1428571429	1151.40424049	0.631369988915	0
-17.1428571429	1508.60084454	0.63160945665	0
-17.1428571429	1976.6094549	0.63135945604	0
-17.1428571429	2589.80694019	0.631560234671	0
-17.1428571429	3393.23479955	0.6305425598	0
-17.1428571429	4445.90761813	0.631145490518	0
-17.1428571429	5825.14789473	0.632567821051	0
-17.1428571429	7632.26564968	0.00154632420251	0
-17.1428571429	10000	0.00865560749395	0
-12	20	4.50003695863	0
-12	26.2045386232	1.95569656027	0
-12	34.3338922229	1.97945689419	0
-12	44.985190242	1.97945951089	0
-12	58.9408077585	1.97934591676	0
-12	77.2258336697	1.97935299416	0
-12	101.183367055	1.97931552576	0
-12	132.573172502	1.97941098109	0
-12	173.700940961	1.97939114568	0
-12	227.587650816	1.97946987386	1
-12	298.191469299	1.9793531926	0
-12	390.698493718	1.97931612611	0
-12	511.903688434	1.97937152473	0
-12	670.709998748	1.97955995942	0
-12	878.782303359	1.97936062072	0
-12	1151.40424049	1.97920289082	0
-12	1508.60084454	1.97930283992	0
-12	1976.6094549	1.97944612601	0
-12	2589.80694019	1.97918811086	0
-12	3393.23479955	1.97951516354	0
-12	4445.90761813	1.97880937802	0
-12	5825.14789473	1.97861021821	0
-12	7632.26564968	0.000804970129938	0
-12	10000	0.00468343591741	0
