bin	sine	shifted_sine	clipper_input	clipper_shifted_output
0	0.00608167737859	0.25316998226	0.00608167737859	0.466627015192
1	0.0182692676902	0.263533794432	0.0182692676902	0.482617078059
2	0.0304991293429	0.274217092441	0.0304991293429	0.498887842722
3	0.0426125066001	0.283835136922	0.0426125066001	0.513012909196
4	0.0547937779428	0.294183807207	0.0547937779428	0.528168361067
5	0.0668283784792	0.303446584742	0.0668283784792	0.541186075205
6	0.0789767273087	0.313458116091	0.0789767273087	0.555272158313
7	0.090878366471	0.32231575167	0.090878366471	0.56716946818
8	0.102943762203	0.331956926456	0.102943762203	0.58020340397
9	0.114708709282	0.340415767198	0.114708709282	0.591058916642
10	0.12650645964	0.34913378941	0.12650645964	0.602188871177
11	0.138452842486	0.358229953589	0.138452842486	0.613800994346
12	0.149902200571	0.365959511668	0.149902200571	0.6230245846
13	0.161710732304	0.374686511643	0.161710732304	0.633757067344
14	0.172948125807	0.381932258832	0.172948125807	0.642000844575
15	0.184558409659	0.390198732787	0.184558409659	0.651803862612
16	0.195543503302	0.396965968037	0.195543503302	0.65915517491
17	0.206962909413	0.404778652917	0.206962909413	0.668106591421
18	0.21769970746	0.411068540219	0.21769970746	0.674633312853
19	0.228869227042	0.418372455591	0.228869227042	0.682727743217
20	0.239294620027	0.424153503111	0.239294620027	0.688465550095
21	0.249854040108	0.430251238386	0.249854040108	0.694706678821
22	0.260714253794	0.436938589467	0.260714253794	0.701860146527
23	0.270574479324	0.44178830442	0.270574479324	0.706275849188
24	0.281122533133	0.447950311276	0.281122533133	0.712718814795
25	0.290655643342	0.45228753274	0.290655643342	0.716488276706
26	0.300875998745	0.457890207043	0.300875998745	0.722220791481
27	0.310012032707	0.461669239846	0.310012032707	0.725340545853
28	0.319877398944	0.466717534917	0.319877398944	0.730428312194
29	0.328628369713	0.46995310439	0.328628369713	0.732960935643
30	0.337602335052	0.473604640244	0.337602335052	0.736222690117
31	0.346988156687	0.477912655764	0.346988156687	0.740555081686
32	0.355005529008	0.480162389381	0.355005529008	0.742041405103
33	0.363986728457	0.483902411162	0.363986728457	0.745816333798
34	0.371561187836	0.485577956611	0.371561187836	0.746764358491
35	0.380097719842	0.488713042674	0.380097719842	0.749960047455
36	0.387204445507	0.489818953754	0.387204445507	0.750405120023
37	0.395300360476	0.492359100726	0.395300360476	0.75305915085
38	0.401927753014	0.492883591323	0.401927753014	0.753001979609
39	0.408890536114	0.49396838615	0.408890536114	0.753875329961
40	0.416318013532	0.495582926098	0.416318013532	0.755779916104
41	0.422116354081	0.495171693952	0.422116354081	0.754866299221
42	0.42911261186	0.496322789533	0.42911261186	0.756381609957
43	0.434339246005	0.495241735172	0.434339246005	0.754898747077
44	0.440819460606	0.495790716804	0.440819460606	0.755904456159
45	0.445529125653	0.494145244542	0.445529125653	0.753962747331
46	0.451473667414	0.494063584206	0.451473667414	0.754415985148
47	0.455630437931	0.491841645084	0.455630437931	0.751988595519
48	0.4610292439	0.49114883153	0.4610292439	0.75190692501
49	0.464648078325	0.488371743939	0.464648078325	0.749010207111
50	0.468672910105	0.48611776324	0.468672910105	0.747015738569
51	0.473341945782	0.484616516411	0.473341945782	0.746261220879
52	0.475983588974	0.480859369654	0.475983588974	0.74240294964
53	0.480090769472	0.478770768846	0.480090769472	0.741097158366
54	0.48216175802	0.474460529642	0.48216175802	0.736707392733
55	0.485669702426	0.47175890268	0.485669702426	0.73478100685
56	0.487172757577	0.466926829163	0.487172757577	0.729864318885
57	0.490091110729	0.463625719874	0.490091110729	0.727302962159
58	0.491014413351	0.45826228649	0.491014413351	0.721806299206
59	0.492486742429	0.453557072935	0.492486742429	0.717314055944
60	0.494489745964	0.449287295141	0.494489745964	0.713705202262
61	0.494476024528	0.443131874103	0.494476024528	0.707200221428
62	0.496012939529	0.438498797453	0.496012939529	0.703092274103
63	0.495330676551	0.431738195071	0.495330676551	0.695803468013
64	0.496266317855	0.426564599378	0.496266317855	0.690959987754
65	0.495017943293	0.419336886392	0.495017943293	0.682990994242
66	0.495324106361	0.413592968634	0.495324106361	0.677310440541
67	0.49349598275	0.405911382789	0.49349598275	0.668607923409
68	0.493190357266	0.399639890647	0.493190357266	0.662080486087
69	0.490810706796	0.391526597877	0.490810706796	0.652617113808
70	0.48892550277	0.383894729939	0.48892550277	0.643841875058
71	0.487821120551	0.376946417716	0.487821120551	0.636096259182
72	0.48444612308	0.368096016489	0.48444612308	0.625189964903
73	0.482740607592	0.360660539457	0.482740607592	0.616474955653
74	0.4788126526	0.3514111974	0.4788126526	0.604669718808
75	0.476473974833	0.343483203824	0.476473974833	0.594893421157
76	0.472026559393	0.333899149172	0.472026559393	0.582205171555
77	0.469084312511	0.325505788451	0.469084312511	0.571339715704
78	0.464097991648	0.315568333194	0.464097991648	0.55767227398
79	0.45973547885	0.306171523741	0.45973547885	0.544679022904
80	0.455851935248	0.297032893053	0.455851935248	0.53199847985
81	0.450029724314	0.286604168318	0.450029724314	0.516769641171
82	0.445756224497	0.277256441011	0.445756224497	0.503203990265
83	0.43934670361	0.266469093024	0.43934670361	0.486835260923
84	0.434511085474	0.25675176616	0.434511085474	0.472095234603
85	0.427624077392	0.245705957498	0.427624077392	0.454694679265
86	0.422209879619	0.235611898528	0.422209879619	0.438721447238
87	0.41485705991	0.224343464121	0.41485705991	0.420310254902
88	0.408170766544	0.213530912585	0.408170766544	0.402414767039
89	0.401819516685	0.202823181821	0.401819516685	0.384451214608
90	0.393785997824	0.191267883303	0.393785997824	0.364567231429
91	0.387146242224	0.180448898155	0.387146242224	0.345770740007
92	0.378588759039	0.168661201691	0.378588759039	0.324841076508
93	0.371450888169	0.15757968105	0.371450888169	0.304959272565
94	0.362481704166	0.145643864949	0.362481704166	0.283155194342
95	0.354851570552	0.134328987187	0.354851570552	0.262267256741
96	0.345519749846	0.122300621001	0.345519749846	0.23973410303
97	0.337411354469	0.110762808784	0.337411354469	0.217906023571
98	0.32771152031	0.0986430766828	0.32771152031	0.194707381332
99	0.318460811702	0.0867202751773	0.318460811702	0.171679554403
100	0.309775083951	0.0749335672082	0.309775083951	0.148730170056
101	0.299472811932	0.0627187281948	0.299472811932	0.124764410988
102	0.290379084131	0.0508043164106	0.290379084131	0.101249751678
103	0.27978438954	0.0385924065418	0.27978438954	0.0770250008544
104	0.270305396298	0.0265792547311	0.270305396298	0.0531050243371
105	0.259436298864	0.0143774318779	0.259436298864	0.0287453424529
106	0.249564195677	0.00227052583921	0.249564195677	0.00454079302235
107	0.238455270801	-0.00987035542204	0.238455270801	-0.0197371010817
108	0.227821942721	-0.0219752681361	0.227821942721	-0.0439195093205
109	0.217308802334	-0.0341560924794	0.217308802334	-0.0682008894483
110	0.205885304768	-0.0461814621765	0.205885304768	-0.092091263221
111	0.195251160236	-0.0583722102892	0.195251160236	-0.116202513643
112	0.183573404626	-0.0702531923505	0.183573404626	-0.139563246185
113	0.172659170492	-0.0824205178218	0.172659170492	-0.163331827507
114	0.160815430267	-0.094165959693	0.160815430267	-0.186082186696
115	0.149648874024	-0.106263835578	0.149648874024	-0.209322893274
116	0.137694787459	-0.117826975031	0.137694787459	-0.23128806635
117	0.126286642979	-0.129851773839	0.126286642979	-0.253912905629
118	0.114214229168	-0.141238893654	0.114214229168	-0.275036069801
119	0.102361363602	-0.152758551248	0.102361363602	-0.2961516746
120	0.0906962029684	-0.164662117111	0.0906962029684	-0.317715862214
121	0.0785023790196	-0.175621233413	0.0785023790196	-0.337181965738
122	0.0666764701288	-0.187363110221	0.0666764701288	-0.357837414888
123	0.0544669398148	-0.19804343747	0.0544669398148	-0.376186820815
124	0.0425226005955	-0.209588304627	0.0425226005955	-0.395854653756
125	0.0302944570231	-0.22001182372	0.0302944570231	-0.413124359659
126	0.0182347105825	-0.231332559067	0.0182347105825	-0.431754239674
127	0.00606049854722	-0.241423047324	0.00606049854722	-0.447829956908
128	-0.00604651999987	-0.252007605752	-0.00604651999987	-0.46450428986
129	-0.0182192459038	-0.262754707875	-0.0182192459038	-0.481233297873
130	-0.0303163451694	-0.272402475838	-0.0303163451694	-0.49566130146
131	-0.0424896450836	-0.28314399496	-0.0424896450836	-0.511789822817
132	-0.0544590018148	-0.292258085028	-0.0544590018148	-0.524800644431
133	-0.0666387378359	-0.302696052546	-0.0666387378359	-0.539881458331
134	-0.0784913201659	-0.311427055031	-0.0784913201659	-0.551780326481
135	-0.0906214107931	-0.321504486072	-0.0906214107931	-0.565784157874
136	-0.102309501161	-0.329826509787	-0.102309501161	-0.576603813042
137	-0.114168614899	-0.338901582133	-0.114168614899	-0.588480395619
138	-0.126137684928	-0.348100540227	-0.126137684928	-0.600516468802
139	-0.137551775786	-0.355854555815	-0.137551775786	-0.609888649429
140	-0.149526970109	-0.365131146305	-0.149526970109	-0.62166828655
141	-0.160664259451	-0.372201679349	-0.160664259451	-0.629739135091
142	-0.172496780914	-0.381047609324	-0.172496780914	-0.640582257405
143	-0.183372443881	-0.387633356716	-0.183372443881	-0.647722867247
144	-0.195026215217	-0.396029133398	-0.195026215217	-0.657678977542
145	-0.205645766702	-0.402149551293	-0.205645766702	-0.663990286493
146	-0.21710415746	-0.410068391326	-0.21710415746	-0.673086225651
147	-0.227412519578	-0.415676185185	-0.227412519578	-0.678573739258
148	-0.238045257361	-0.421988358216	-0.238045257361	-0.685161527901
149	-0.249260400782	-0.429342238475	-0.249260400782	-0.693329514553
150	-0.258992000368	-0.434005865791	-0.258992000368	-0.697436712338
151	-0.269910401016	-0.440833039216	-0.269910401016	-0.704853986752
152	-0.279284996485	-0.44497571608	-0.279284996485	-0.708289215055
153	-0.291020234181	-0.452993977396	-0.291020234181	-0.717727714042
154	-0.301775462313	-0.459223560864	-0.301775462313	-0.724647091081
155	-0.311587068128	-0.464152481548	-0.311587068128	-0.729373199477
156	-0.320842546182	-0.468092901342	-0.320842546182	-0.732917350599
157	-0.330294043594	-0.472468692598	-0.330294043594	-0.737024567395
158	-0.339152105613	-0.475841889481	-0.339152105613	-0.739965082388
159	-0.347976223092	-0.479246424678	-0.347976223092	-0.742997890324
160	-0.356867767223	-0.482828935792	-0.356867767223	-0.746298248864
161	-0.365042111656	-0.485268226948	-0.365042111656	-0.748303243396
162	-0.373504755452	-0.488265149519	-0.373504755452	-0.751040696427
163	-0.38121532583	-0.490113370662	-0.38121532583	-0.752496843212
164	-0.389225195836	-0.492520152488	-0.389225195836	-0.754693560213
165	-0.396473242136	-0.493785663273	-0.396473242136	-0.755631309759
166	-0.40402132541	-0.495591903466	-0.40402132541	-0.757294975566
167	-0.410768858059	-0.496260428371	-0.410768858059	-0.757714606212
168	-0.41751999312	-0.497019801155	-0.41751999312	-0.758336049667
169	-0.424395252961	-0.497988987059	-0.424395252961	-0.75930251754
170	-0.430333246341	-0.497696649489	-0.430333246341	-0.758883246545
171	-0.436681543406	-0.498062904359	-0.436681543406	-0.759341949255
172	-0.44208958127	-0.497182113171	-0.44208958127	-0.758427190794
173	-0.447919971547	-0.496944066197	-0.447919971547	-0.758376177932
174	-0.452798615246	-0.495472750894	-0.452798615246	-0.756959188699
175	-0.458075036457	-0.49461640873	-0.458075036457	-0.75637545343
176	-0.462397420215	-0.49256904656	-0.462397420215	-0.754461074787
177	-0.467128723472	-0.491108914264	-0.467128723472	-0.75335063749
178	-0.470890180771	-0.488476624016	-0.470890180771	-0.7509125187
179	-0.474664843324	-0.48593365556	-0.474664843324	-0.748666655582
180	-0.478617848777	-0.48366741029	-0.478617848777	-0.746851498363
181	-0.481455064161	-0.480089505425	-0.481455064161	-0.743497604363
182	-0.484820708041	-0.477213344627	-0.484820708041	-0.74109227006
183	-0.487069922418	-0.473079087978	-0.487069922418	-0.737177226102
184	-0.489849529963	-0.469623512822	-0.489849529963	-0.734183669844
185	-0.491518987995	-0.464939653692	-0.491518987995	-0.729681531715
186	-0.493702188259	-0.460895384874	-0.493702188259	-0.726050916727
187	-0.49477604615	-0.45567315616	-0.49477604615	-0.72092912638
188	-0.495924943199	-0.450592775485	-0.495924943199	-0.716016652311
189	-0.497277810219	-0.445766483651	-0.497277810219	-0.711475753173
190	-0.497393035716	-0.439679521804	-0.497393035716	-0.705256004852
191	-0.498139789998	-0.434312627393	-0.498139789998	-0.700010404876
192	-0.497665515203	-0.427729552056	-0.497665515203	-0.693091843317
193	-0.497808683481	-0.421820805527	-0.497808683481	-0.687085625162
194	-0.496739367942	-0.414739458327	-0.496739367942	-0.679406442569
195	-0.496271561558	-0.408307349341	-0.496271561558	-0.672595426564
196	-0.494618821813	-0.400765579686	-0.494618821813	-0.664137152337
197	-0.493074168249	-0.393379525157	-0.493074168249	-0.655819865508
198	-0.491765871333	-0.386232217709	-0.491765871333	-0.647782744699
199	-0.489151525604	-0.377939113858	-0.489151525604	-0.637933822732
200	-0.487260045538	-0.370342723238	-0.487260045538	-0.629014451866
201	-0.484072783622	-0.361621501157	-0.484072783622	-0.618255989706
202	-0.48157629762	-0.353547331837	-0.48157629762	-0.608344423829
203	-0.477820144589	-0.344427603981	-0.477820144589	-0.596640941085
204	-0.47473913144	-0.335918567988	-0.47473913144	-0.585720981351
205	-0.470426976201	-0.326414328157	-0.470426976201	-0.573024810122
206	-0.466751969175	-0.317465100728	-0.466751969175	-0.561016258649
207	-0.461893429729	-0.307610570605	-0.461893429729	-0.547305146252
208	-0.457173410178	-0.297903563867	-0.457173410178	-0.533594514043
209	-0.452707600475	-0.288401566213	-0.452707600475	-0.519991775697
210	-0.446970515599	-0.277988847391	-0.446970515599	-0.504584909108
211	-0.441955498639	-0.268137547401	-0.441955498639	-0.489864387909
212	-0.435712302765	-0.257439768494	-0.435712302765	-0.473399002575
213	-0.430146982791	-0.247234606129	-0.430146982791	-0.457505629386
214	-0.423395321358	-0.236253549865	-0.423395321358	-0.439943923359
215	-0.417296624249	-0.225733765141	-0.417296624249	-0.422899423232
216	-0.410073003986	-0.214521900717	-0.410073003986	-0.404299697359
217	-0.403003465008	-0.20343793188	-0.403003465008	-0.385617444227
218	-0.396176586124	-0.192487710681	-0.396176586124	-0.36687983222
219	-0.388180924402	-0.180914778656	-0.388180924402	-0.346674122276
220	-0.380892675138	-0.169748805167	-0.380892675138	-0.326924210077
221	-0.372456228187	-0.157989529892	-0.372456228187	-0.305759131059
222	-0.364677948102	-0.146581457917	-0.364677948102	-0.284969587054
223	-0.355828943402	-0.134682947148	-0.355828943402	-0.262962116047
224	-0.347602419735	-0.123085693161	-0.347602419735	-0.241267553037
225	-0.338350073195	-0.111048283971	-0.338350073195	-0.218470085643
226	-0.329662710663	-0.0992604159176	-0.329662710663	-0.195923619864
227	-0.320056086637	-0.0871561039459	-0.320056086637	-0.172542090416
228	-0.310584050976	-0.0751203114379	-0.310584050976	-0.149101522373
229	-0.30134495112	-0.0631463316785	-0.30134495112	-0.125613700114
230	-0.291141054209	-0.0509162074149	-0.291141054209	-0.101473187657
231	-0.281518004253	-0.0388526570924	-0.281518004253	-0.077544113117
232	-0.271024430796	-0.0266267370117	-0.271024430796	-0.0531999969573
233	-0.261032006925	-0.0144809253114	-0.261032006925	-0.0289522416095
234	-0.250238362802	-0.00225296787735	-0.250238362802	-0.00450567821821
235	-0.239914565671	0.00992330950752	-0.239914565671	0.0198430109177
236	-0.228872756742	0.0220997012279	-0.228872756742	0.0441680798968
237	-0.21794357561	0.0342689578499	-0.21794357561	0.0684262501218
238	-0.207182108697	0.0464848402508	-0.207182108697	0.0926957252892
239	-0.195747407327	0.0585388067856	-0.195747407327	0.116533909318
240	-0.184739571035	0.0706981026015	-0.184739571035	0.140446043062
241	-0.173100623458	0.0826547093949	-0.173100623458	0.163794985007
242	-0.161832684778	0.0947614182604	-0.161832684778	0.187256418406
243	-0.150035793294	0.106566100658	-0.150035793294	0.209916244421
244	-0.138560478219	0.118570638778	-0.138560478219	0.232742822477
245	-0.126616277937	0.130220462145	-0.126616277937	0.254630228934
246	-0.114781234011	0.141912885511	-0.114781234011	0.276344145972
247	-0.103019804841	0.153774930881	-0.103019804841	0.298107591683
248	-0.0909122901472	0.165075438084	-0.0909122901472	0.318508767881
249	-0.0790187191673	0.176769899853	-0.0790187191673	0.339367634267
250	-0.0668297316284	0.187843641325	-0.0668297316284	0.358747037458
251	-0.0548282067792	0.199329955208	-0.0548282067792	0.378602833587
252	-0.0426126336759	0.210134537016	-0.0426126336759	0.396873998076
253	-0.0305092468253	0.221411582955	-0.0305092468253	0.415717572906
254	-0.0182727656893	0.231937500328	-0.0182727656893	0.432868448193
255	-0.00610907293531	0.242963334452	-0.00610907293531	0.450637537328
