t_s	x	f_hz
0	0	20
0.01	0.0454666169525	20.1253914401
0.02	0.0993204349831	20.2515690308
0.03	-0.201647543091	20.378537701
0.04	-0.420407588254	20.5063024105
0.05	0.0495214092755	20.63486815
0.06	0.492707226145	20.7642399416
0.07	0.209824621397	20.8944228391
0.08	-0.386605025284	21.0254219275
0.09	-0.401556565249	21.1572423242
0.1	0.195174096621	21.2898891784
0.11	0.49261488818	21.4233676715
0.12	0.0242033317578	21.5576830177
0.13	-0.483134384065	21.6928404636
0.14	-0.2237633784	21.8288452889
0.15	0.395317091046	21.9657028062
0.16	0.374078737466	22.1034183615
0.17	-0.260433786954	22.2419973345
0.18	-0.464526265616	22.3814451383
0.19	0.108542843255	22.5217672201
0.2	0.498859771773	22.6629690613
0.21	0.0373818191948	22.8050561777
0.22	-0.489196206732	22.9480341194
0.23	-0.163285001451	23.0919084717
0.24	0.450653780842	23.2366848546
0.25	0.263147775535	23.3823689234
0.26	-0.397655437988	23.528966369
0.27	-0.336802019053	23.6764829178
0.28	0.341996192486	23.8249243322
0.29	0.387501294822	23.9742964108
0.3	-0.292283973634	24.1246049884
0.31	-0.419843017837	24.2758559365
0.32	0.254218491989	24.4280551632
0.33	0.438253520793	24.581208614
0.34	-0.231227424932	24.7353222713
0.35	-0.446010676415	24.8904021553
0.36	0.225109148574	25.0464543238
0.37	0.444679117091	25.2034848727
0.38	-0.236459657191	25.3614999358
0.39	-0.433833819503	25.5205056858
0.4	0.264758307316	25.6805083338
0.41	0.411011706975	25.8415141298
0.42	-0.308057021464	26.0035293634
0.43	-0.371929743857	26.1665603631
0.44	0.362286719067	26.3306134974
0.45	0.311117835453	26.4956951746
0.46	-0.420300421851	26.6618118433
0.47	-0.223202648718	26.8289699924
0.48	0.47095099314	26.9971761515
0.49	0.105085305003	27.1664368913
0.5	-0.498765584217	27.3367588235
0.51	0.0409135420222	27.5081486013
0.52	0.485078025933	27.6806129196
0.53	-0.203330890504	27.8541585154
0.54	-0.411646024242	28.0287921678
0.55	0.358479166187	28.2045206985
0.56	0.267484729381	28.3813509719
0.57	-0.470295306113	28.5592898953
0.58	-0.0584533621847	28.7383444197
0.59	0.496199970927	28.9185215393
0.6	-0.18325951548	29.0998282924
0.61	-0.401468385487	29.2822717611
0.62	0.395797543485	29.4658590724
0.63	0.18126699692	29.6505973975
0.64	-0.498670319435	29.8364939528
0.65	0.1173017872	30.023556
0.66	0.424063224358	30.2117908462
0.67	-0.389091795633	30.4012058442
0.68	-0.163760387126	30.5918083933
0.69	0.499859767916	30.7836059387
0.7	-0.191543581783	30.9766059727
0.71	-0.357297173377	31.1708160343
0.72	0.460103548319	31.3662437098
0.73	-0.00199369078107	31.5628966332
0.74	-0.45602173015	31.7607824863
0.75	0.376825196578	31.959908999
0.76	0.135102324044	32.1602839497
0.77	-0.491685977997	32.3619151656
0.78	0.303208388906	32.5648105229
0.79	0.21185234777	32.7689779473
0.8	-0.49918638867	32.974425414
0.81	0.267535350364	33.1811609484
0.82	0.233386648919	33.3891926262
0.83	-0.499423163514	33.5985285735
0.84	0.280217840389	33.8091769676
0.85	0.201931390077	34.021146037
0.86	-0.493789746312	34.2344440617
0.87	0.338885587048	34.4490793738
0.88	0.111839698998	34.6650603573
0.89	-0.462737932924	34.8823954493
0.9	0.425082628447	35.1010931392
0.91	-0.0434848051832	35.3211619701
0.92	-0.368381098603	35.5426105383
0.93	0.493703806803	35.7654474943
0.94	-0.250427394501	35.9896815426
0.95	-0.170803809325	36.2153214424
0.96	0.467386242911	36.4423760078
0.97	-0.443150159995	36.6708541082
0.98	0.128064120639	36.9007646684
0.99	0.264225082045	37.1321166695
1	-0.488720060742	37.3649191486
1.01	0.419944361949	37.5991811997
1.02	-0.111704138134	37.8349119735
1.03	-0.253456990218	38.0721206783
1.04	0.478074874557	38.3108165803
1.05	-0.454549683481	38.5510090034
1.06	0.208135811092	38.7927073301
1.07	0.132016512259	39.0359210019
1.08	-0.406245953136	39.2806595194
1.09	0.499529079318	39.5269324426
1.1	-0.384452439761	39.7747493916
1.11	0.120055968001	40.0241200469
1.12	0.183809178224	40.2750541494
1.13	-0.415125717967	40.5275615014
1.14	0.499995917573	40.7816519663
1.15	-0.421720246423	41.0373354698
1.16	0.216847404688	41.2946219993
1.17	0.0450690795892	41.5535216053
1.18	-0.287577052686	41.814044401
1.19	0.449811192009	42.0762005632
1.2	-0.499644799263	42.3400003323
1.21	0.436211803465	42.605454013
1.22	-0.283932341302	42.8725719747
1.23	0.0818871575626	43.1413646516
1.24	0.127543115886	43.4118425437
1.25	-0.307876530248	43.6840162163
1.26	0.434106900195	43.9578963014
1.27	-0.494517917936	44.2334934974
1.28	0.489489827495	44.5108185698
1.29	-0.428458807129	44.7898823518
1.3	0.326186453288	45.0706957443
1.31	-0.199241332069	45.3532697165
1.32	0.0632415983955	45.6376153066
1.33	0.068926899568	45.9237436218
1.34	-0.187954264844	46.2116658392
1.35	0.288198427512	46.5013932055
1.36	-0.367269436412	46.7929370385
1.37	0.425342139488	47.0863087266
1.38	-0.464387428081	47.3815197295
1.39	0.487452600069	47.6785815791
1.4	-0.498064207453	47.9775058793
1.41	0.499780778606	48.278304307
1.42	-0.495890965483	48.5809886121
1.43	0.489234105939	48.8855706182
1.44	-0.482112163245	49.1920622231
1.45	0.476261256918	49.5004753993
1.46	-0.47285462196	49.810822194
1.47	0.472514660752	50.1231147303
1.48	-0.475318449408	50.4373652072
1.49	0.480788035159	50.7535859
1.5	-0.48786407647	51.0717891613
1.51	0.494869122111	51.3919874208
1.52	-0.49947545071	51.7141931863
1.53	0.498702001405	52.0384190441
1.54	-0.488975002512	52.3646776593
1.55	0.466295882622	52.6929817763
1.56	-0.426564882861	53.0233442197
1.57	0.366104675891	53.3557778941
1.58	-0.282408810789	53.6902957854
1.59	0.175097859244	54.0269109608
1.6	-0.0469962613805	54.3656365692
1.61	-0.0948548670014	54.7064858422
1.62	0.238548137681	55.0494720942
1.63	-0.367425484164	55.3946087233
1.64	0.461402649536	55.7419092113
1.65	-0.499858940975	56.0913871247
1.66	0.466160883478	56.4430561151
1.67	-0.353358135847	56.7969299195
1.68	0.169854287727	57.1530223613
1.69	0.0569143745496	57.5113473502
1.7	-0.281224100827	57.8719188834
1.71	0.446358215187	58.2347510459
1.72	-0.499057670424	58.5998580107
1.73	0.408882447537	58.9672540399
1.74	-0.186613659816	59.3369534849
1.75	-0.107087863211	59.7089707873
1.76	0.37152917491	60.0833204789
1.77	-0.498074384906	60.4600171829
1.78	0.417867486556	60.839075614
1.79	-0.146068232099	61.2205105792
1.8	-0.204150091016	61.6043369784
1.81	0.458767056944	61.9905698048
1.82	-0.468540206617	62.3792241457
1.83	0.205744887576	62.7703151831
1.84	0.190392530557	63.1638581938
1.85	-0.471274950519	63.5598685508
1.86	0.432941332726	63.9583617232
1.87	-0.0783250766812	64.3593532773
1.88	-0.343586317309	64.7628588768
1.89	0.495965931079	65.1688942837
1.9	-0.229899928118	65.5774753588
1.91	-0.245786356273	65.9886180624
1.92	0.499613472437	66.4023384547
1.93	-0.268326228996	66.8186526969
1.94	-0.241216159571	67.2375770512
1.95	0.49979075488	67.6591278818
1.96	-0.203421943064	68.0833216558
1.97	-0.333661369472	68.5101749432
1.98	0.471987674639	68.939704418
1.99	-0.015444835502	69.3719268588
2	-0.466006686158	69.8068591492
2.01	0.31572695675	70.244518279
2.02	0.283308788374	70.6849213442
2.03	-0.470507521369	71.1280855482
2.04	-0.05781743195	71.574028202
2.05	0.498182796712	72.0227667254
2.06	-0.127659254618	72.4743186473
2.07	-0.460020666748	72.9287016065
2.08	0.247747443394	73.3859333524
2.09	0.411142976519	73.8460317456
2.1	-0.307882302772	74.3090147588
2.11	-0.384937553922	74.7749004774
2.12	0.318878117879	75.2437071
2.13	0.394546830218	75.7154529395
2.14	-0.282986604963	76.1901564235
2.15	-0.43592180506	76.6678360952
2.16	0.191002128872	77.1485106139
2.17	0.485455528537	77.6321987562
2.18	-0.03054531669	78.1189194161
2.19	-0.494369881245	78.6086916063
2.2	-0.191211485546	79.1015344584
2.21	0.393245986234	79.5974672243
2.22	0.412504201125	80.0965092764
2.23	-0.130759871823	80.5986801085
2.24	-0.497348162052	81.1039993369
2.25	-0.240818253418	81.6124867005
2.26	0.297289684759	82.1241620623
2.27	0.492539886117	82.6390454096
2.28	0.158837265684	83.1571568551
2.29	-0.329176715867	83.6785166377
2.3	-0.493859983323	84.2031451229
2.31	-0.212037873315	84.7310628042
2.32	0.241799972356	85.2622903034
2.33	0.493865091159	85.7968483716
2.34	0.376325524596	86.3347578902
2.35	0.00522686765706	86.8760398712
2.36	-0.357650641566	87.4207154586
2.37	-0.499999920967	87.9688059288
2.38	-0.369883846767	88.5203326916
2.39	-0.0642485989485	89.0753172912
2.4	0.257084378396	89.6337814068
2.41	0.461099853153	90.1957468533
2.42	0.489913048102	90.7612355826
2.43	0.361093490736	91.3302696842
2.44	0.13827091632	91.9028713861
2.45	-0.104465213883	92.4790630556
2.46	-0.308466379477	93.0588672003
2.47	-0.441602675888	93.6423064688
2.48	-0.497135020466	94.2294036518
2.49	-0.48603103581	94.8201816829
2.5	-0.427891098541	95.4146636394
2.51	-0.343636951052	96.0128727433
2.52	-0.251083267606	96.6148323622
2.53	-0.16316376128	97.2205660103
2.54	-0.0879932647133	97.8300973492
2.55	-0.0298910769543	98.4434501886
2.56	0.00930617749573	99.0606484879
2.57	0.0290553863401	99.6817163563
2.58	0.0292475849129	100.306678054
2.59	0.00976096166664	100.935557995
2.6	-0.0295426251613	101.568380744
2.61	-0.0883577707898	102.20517102
2.62	-0.165004572324	102.845953699
2.63	-0.255077802387	103.490753811
2.64	-0.349879109606	104.139596544
2.65	-0.435109813983	104.792507243
2.66	-0.490677510877	105.449511412
2.67	-0.492814049115	106.110634717
2.68	-0.419714548445	106.775902981
2.69	-0.261122009339	107.445342193
2.7	-0.0302488639328	108.118978503
2.71	0.226830524006	108.796838224
2.72	0.432461669391	109.478947835
2.73	0.49791651543	110.165333981
2.74	0.365262821226	110.856023475
2.75	0.0574604404655	111.551043296
2.76	-0.29560036533	112.250420594
2.77	-0.494647924593	112.954182688
2.78	-0.385714178205	113.66235707
2.79	-0.000143751814608	114.374971401
2.8	0.399437609856	115.09205352
2.81	0.473740086921	115.813631437
2.82	0.11344122133	116.539733338
2.83	-0.370069457819	117.270387587
2.84	-0.466039696357	118.005622726
2.85	-0.0227750729866	118.745467475
2.86	0.457520753989	119.489950733
2.87	0.336360927543	120.239101583
2.88	-0.264506489589	120.992949288
2.89	-0.473106474473	121.751523296
2.9	0.0743833766851	122.514853238
2.91	0.499925347206	123.282968932
2.92	0.0331489657191	124.055900382
2.93	-0.497438945371	124.833677782
2.94	-0.0435174367989	125.616331513
2.95	0.499859540144	126.403892149
2.96	-0.0446288135639	127.196390452
2.97	-0.484157067113	127.993857381
2.98	0.224524407236	128.796324085
2.99	0.372729728664	129.603821913
3	-0.432296511321	130.416382407
3.01	-0.079893312676	131.234037307
3.02	0.483572953281	132.056818553
3.03	-0.33209864001	132.884758285
3.04	-0.158619431499	133.717888846
3.05	0.484300607294	134.556242778
3.06	-0.384784662729	135.399852831
3.07	-0.00627318293106	136.248751957
3.08	0.37555930719	137.102973318
3.09	-0.499029170171	137.962550281
3.1	0.351383721458	138.827516424
3.11	-0.052208580289	139.697905534
3.12	-0.246356620757	140.573751612
3.13	0.44093517087	141.455088869
3.14	-0.499918297453	142.341951734
3.15	0.445502919506	143.23437485
3.16	-0.323118014205	144.132393076
3.17	0.177226305395	145.036041493
3.18	-0.0394445091488	145.945355398
3.19	-0.0732720085335	146.860370312
3.2	0.155120379323	147.781121979
3.21	-0.206517997876	148.707646364
3.22	0.229880728384	149.63997966
3.23	-0.226846154375	150.578158287
3.24	0.196986337167	151.522218893
3.25	-0.137933999861	152.472198354
3.26	0.0470102172022	153.42813378
3.27	0.0754234361688	154.390062513
3.28	-0.220915343734	155.358022126
3.29	0.36722669809	156.332050432
3.3	-0.475037339758	157.312185479
3.31	0.492530399959	158.298465553
3.32	-0.374042650885	159.290929181
3.33	0.114019820942	160.289615131
3.34	0.216577491857	161.294562414
3.35	-0.464070060641	162.305810287
3.36	0.455782788542	163.323398251
3.37	-0.137123551109	164.347366057
3.38	-0.304976690504	165.377753702
3.39	0.498238807046	166.414601436
3.4	-0.205128154711	167.457949763
3.41	-0.324826968205	168.507839436
3.42	0.472635830612	169.564311469
3.43	0.0120983679163	170.627407129
3.44	-0.4882774793	171.697167944
3.45	0.1904209072	172.773635701
3.46	0.439604163314	173.85685245
3.47	-0.254583418748	174.946860505
3.48	-0.438038129736	176.043702444
3.49	0.196051675219	177.147421112
3.5	0.48647344082	178.258059624
3.51	0.0033243537526	179.375661364
3.52	-0.47510713665	180.500269989
3.53	-0.321335979759	181.631929428
3.54	0.204054342679	182.770683888
3.55	0.497307414957	183.916577851
3.56	0.32220798492	185.069656078
3.57	-0.100034201869	186.229963613
3.58	-0.428644905457	187.397545779
3.59	-0.488578778486	188.572448185
3.6	-0.312735969094	189.754716727
3.61	-0.0346432742688	190.944397587
3.62	0.222900141302	192.141537236
3.63	0.39720156081	193.346182439
3.64	0.481517809151	194.558380251
3.65	0.499761581191	195.778178025
3.66	0.483498706372	197.005623409
3.67	0.459155044754	198.24076435
3.68	0.443834898289	199.483649096
3.69	0.445391841786	200.734326198
3.7	0.463193489247	201.99284451
3.71	0.487824452313	203.259253192
3.72	0.49986027016	204.533601716
3.73	0.469901923812	205.815939859
3.74	0.364251233512	207.106317713
3.75	0.161491708303	208.404785685
3.76	-0.118955078216	209.711394495
3.77	-0.389058135357	211.026195182
3.78	-0.49923891527	212.349239108
3.79	-0.321307556896	213.680577952
3.8	0.101153542453	215.020263722
3.81	0.464141986165	216.368348747
3.82	0.385622624206	217.724885689
3.83	-0.136125523036	219.089927537
3.84	-0.499311065263	220.463527613
3.85	-0.144967008173	221.845739573
3.86	0.450506826574	223.236617411
3.87	0.246514742794	224.636215458
3.88	-0.440167952839	226.044588386
3.89	-0.187370159539	227.461791209
3.9	0.491497297079	228.887879287
3.91	-0.0522225393454	230.322908327
3.92	-0.442476729718	231.766934384
3.93	0.408209882006	233.220013868
3.94	0.0266103469876	234.682203537
3.95	-0.412305862844	236.15356051
3.96	0.487701846588	237.634142262
3.97	-0.289838426513	239.124006627
3.98	-0.00898796516871	240.623211805
3.99	0.265505417578	242.131816357
4	-0.422488971341	243.649879214
4.01	0.488676993988	245.177459676
4.02	-0.499568559085	246.714617413
4.03	0.490089969317	248.261412471
4.04	-0.483218177191	249.817905272
4.05	0.487717746681	251.384156617
4.06	-0.498166043877	252.960227688
4.07	0.494378571148	254.546180049
4.08	-0.442145607215	256.142075653
4.09	0.302058581334	257.74797684
4.1	-0.0554474788311	259.363946339
4.11	-0.252016871489	260.990047276
4.12	0.477571174181	262.62634317
4.13	-0.427730888835	264.272897938
4.14	0.0387865520541	265.929775901
4.15	0.414010911804	267.597041779
4.16	-0.422807261284	269.2747607
4.17	-0.126768930383	270.962998201
4.18	0.499216259553	272.661820229
4.19	-0.0186283822034	274.371293143
4.2	-0.499870237996	276.091483721
4.21	-0.0499765962369	277.822459158
4.22	0.472675832174	279.56428707
4.23	0.312024677499	281.317035498
4.24	-0.215057080244	283.080772908
4.25	-0.496475226833	284.855568196
4.26	-0.356616895961	286.641490692
4.27	-0.00558014074851	288.438610157
4.28	0.305969570309	290.246996792
4.29	0.468545310632	292.066721237
4.3	0.498220216467	293.897854576
4.31	0.458563999754	295.740468337
4.32	0.407105746399	297.594634497
4.33	0.37852649422	299.460425486
4.34	0.386580348106	301.337914186
4.35	0.427917873607	303.227173937
4.36	0.480361585536	305.128278537
4.37	0.497449081221	307.04130225
4.38	0.411567162439	308.966319802
4.39	0.168037477679	310.903406391
4.4	-0.196323514368	312.852637684
4.41	-0.477936871929	314.814089822
4.42	-0.384166844557	316.787839426
4.43	0.119292415288	318.773963595
4.44	0.498084389639	320.772539913
4.45	0.143008468791	322.783646449
4.46	-0.466916363794	324.807361762
4.47	-0.154437246913	326.843764904
4.48	0.495527544703	328.892935422
4.49	-0.0872807107572	330.954953362
4.5	-0.408461848682	333.029899272
4.51	0.46321183928	335.117854205
4.52	-0.155224071578	337.218899722
4.53	-0.204357134135	339.333117895
4.54	0.427226718161	341.460591311
4.55	-0.498520900742	343.601403074
4.56	0.483515866296	345.755636811
4.57	-0.448879190496	347.923376672
4.58	0.434365143824	350.104707334
4.59	-0.451799571419	352.299714005
4.6	0.486960039313	354.508482429
4.61	-0.496151979195	356.731098886
4.62	0.407733111026	358.967650196
4.63	-0.157022191758	361.218223726
4.64	-0.220397811099	363.482907389
4.65	0.490462041258	365.761789649
4.66	-0.323683071423	368.054959525
4.67	-0.240905887865	370.362506595
4.68	0.479941583681	372.684520998
4.69	0.105234342158	375.021093437
4.7	-0.479524844348	377.372315185
4.71	-0.244296751371	379.738278088
4.72	0.317453254582	382.119074565
4.73	0.493176501991	384.514797617
4.74	0.243255497752	386.925540827
4.75	-0.117524758936	389.351398365
4.76	-0.368875374022	391.792464992
4.77	-0.477303595478	394.248836062
4.78	-0.499912823933	396.720607527
4.79	-0.49701536978	399.207875941
4.8	-0.498379173471	401.710738464
4.81	-0.497194241659	404.229292863
4.82	-0.449949475513	406.763637521
4.83	-0.288287844803	409.313871435
4.84	0.025595170627	411.880094224
4.85	0.384955691473	414.462406132
4.86	0.477940043808	417.06090803
4.87	0.0591671551418	419.675701423
4.88	-0.466060045825	422.306888451
4.89	-0.220491271908	424.954571896
4.9	0.465082612206	427.618855182
4.91	0.0634525489889	430.299842385
4.92	-0.479062394459	432.99763823
4.93	0.384769480211	435.712348101
4.94	-0.0330407408466	438.44407804
4.95	-0.271364297883	441.192934757
4.96	0.431262300567	443.959025629
4.97	-0.485864912943	446.742458707
4.98	0.496309776459	449.543342719
4.99	-0.491802496212	452.361787075
5	0.456802974184	455.197901871
5.01	-0.335630175998	458.051797892
5.02	0.0697084530217	460.923586621
5.03	0.29746060437	463.813380235
5.04	-0.499836793696	466.721291619
5.05	0.195990403649	469.647434362
5.06	0.399041943476	472.591922768
5.07	-0.324018815668	475.554871857
5.08	-0.419168301849	478.536397368
5.09	0.128644976331	481.536615767
5.1	0.485039812297	484.555644252
5.11	0.404067089201	487.593600754
5.12	0.127283004704	490.650603942
5.13	-0.115692432065	493.726773232
5.14	-0.252988419023	496.822228787
5.15	-0.295551238091	499.937091524
5.16	-0.25621423688	503.071483116
5.17	-0.121782303996	506.225526003
5.18	0.121145457972	509.399343388
5.19	0.402457919153	512.59305925
5.2	0.483598767483	515.806798344
5.21	0.108771353955	519.040686206
5.22	-0.440788219041	522.294849161
5.23	-0.265088011051	525.569414325
5.24	0.456621879973	528.864509611
5.25	0.0363413641275	532.180263734
5.26	-0.442776371754	535.516806217
5.27	0.474377420864	538.874267393
5.28	-0.305075112333	542.252778413
5.29	0.136336944326	545.652471252
5.3	-0.0550730399439	549.073478709
5.31	0.079753014334	552.515934419
5.32	-0.207063595428	555.979972853
5.33	0.395398696628	559.465729326
5.34	-0.499467784002	562.973339999
5.35	0.281802463192	566.502941891
5.36	0.26118660065	570.054672875
5.37	-0.469502439591	573.628671693
5.38	-0.184426541202	577.225077954
5.39	0.403673273197	580.844032142
5.4	0.448433127902	584.485675625
5.41	0.125078275355	588.150150653
5.42	-0.183593088736	591.837600372
5.43	-0.348924974574	595.548168822
5.44	-0.402278292383	599.282000948
5.45	-0.379614415484	603.039242603
5.46	-0.262413812079	606.820040556
5.47	-0.00229966973355	610.624542494
5.48	0.352742187794	614.45289703
5.49	0.485512681723	618.305253711
5.5	0.0288212256099	622.181763019
5.51	-0.496848838639	626.082576382
5.52	0.0393982926168	630.007846175
5.53	0.434531689304	633.957725729
5.54	-0.466929985003	637.932369338
5.55	0.27080262788	641.931932261
5.56	-0.0952737874001	645.956570732
5.57	0.0323582115756	650.006441964
5.58	-0.0959320674332	654.081704155
5.59	0.273266611766	658.182516495
5.6	-0.469865899211	662.309039174
5.61	0.425012418964	666.461433384
5.62	0.0744235905921	670.639861328
5.63	-0.499986305018	674.844486227
5.64	-0.0650213446296	679.075472325
5.65	0.433885765373	683.332984895
5.66	0.461945048267	687.617190246
5.67	0.255086104867	691.928255731
5.68	0.0818132742887	696.266349752
5.69	0.0333603540926	700.631641766
5.7	0.120945029478	705.024302292
5.71	0.32161891055	709.444502919
5.72	0.495172575258	713.892416313
5.73	0.320774737401	718.36821622
5.74	-0.281882875726	722.872077477
5.75	-0.410547781598	727.404176016
5.76	0.392176028828	731.964688874
5.77	0.0437043062446	736.553794195
5.78	-0.354276866657	741.171671242
5.79	0.46534863401	745.818500402
5.8	-0.483387613635	750.494463192
5.81	0.452963606307	755.199742267
5.82	-0.305871616098	759.934521429
5.83	-0.0576048669765	764.698985629
5.84	0.46409006592	769.493320981
5.85	-0.272292412154	774.317714763
5.86	-0.446594404168	779.172355429
5.87	0.0254604387154	784.057432615
5.88	0.391157385879	788.973137144
5.89	0.495462606541	793.919661036
5.9	0.49793092876	798.897197516
5.91	0.499997587871	803.90594102
5.92	0.460435574368	808.946087201
5.93	0.217051462108	814.017832942
5.94	-0.278965132755	819.121376358
5.95	-0.463643949915	824.256916807
5.96	0.239355279817	829.424654897
5.97	0.294735829649	834.624792492
5.98	-0.495208020513	839.857532725
5.99	0.472457547526	845.123079999
6	-0.444965751018	850.421640001
6.01	0.48055802064	855.753419707
6.02	-0.484444482565	861.118627389
6.03	0.218681624329	866.517472627
6.04	0.342882483078	871.950166314
6.05	-0.370716896985	877.416920666
6.06	-0.436200045866	882.917949227
6.07	-0.0799141030837	888.453466883
6.08	0.190169132775	894.023689866
6.09	0.278079642922	899.628835763
6.1	0.211189297759	905.269123525
6.11	-0.03652791676	910.944773478
6.12	-0.403790308273	916.656007327
6.13	-0.413757242238	922.403048167
6.14	0.288254697314	928.186120494
6.15	0.271299055521	934.00545021
6.16	-0.492269289628	939.861264632
6.17	0.481072107269	945.753792504
6.18	-0.468519407445	951.683264004
6.19	0.498984994987	957.649910752
6.2	-0.411149934295	963.653965822
6.21	-0.0409894190352	969.695663747
6.22	0.499087822148	975.775240533
6.23	0.0896568720244	981.892933663
6.24	-0.345985314003	988.048982111
6.25	-0.484445778749	994.243626347
6.26	-0.498235890807	1000.47710835
6.27	-0.476035733816	1006.74967162
6.28	-0.297697263733	1013.06156118
6.29	0.186506695626	1019.41302358
6.3	0.486627968971	1025.80430693
6.31	-0.232735247882	1032.2356609
6.32	-0.207934573515	1038.7073367
6.33	0.402020860773	1045.21958713
6.34	-0.428331933404	1051.7726666
6.35	0.326084323872	1058.36683106
6.36	0.0117515642124	1065.00233811
6.37	-0.461475714494	1071.67944696
6.38	0.191430340343	1078.39841842
6.39	0.49973068946	1085.15951495
6.4	0.386855879857	1091.96300066
6.41	0.280069426435	1098.80914132
6.42	0.335638533452	1105.69820435
6.43	0.483287304592	1112.63045886
6.44	0.364740102315	1119.60617563
6.45	-0.296437181323	1126.62562717
6.46	-0.287399156667	1133.68908766
6.47	0.4938771342	1140.79683302
6.48	-0.490316156691	1147.94914091
6.49	0.497496001165	1155.1462907
6.5	-0.450111502695	1162.38856355
6.51	0.0564664272733	1169.67624234
6.52	0.488216615189	1177.00961177
6.53	0.0699319220768	1184.38895828
6.54	-0.28541127284	1191.81457013
6.55	-0.387688697599	1199.28673739
6.56	-0.320636961099	1206.80575195
6.57	-0.015542078279	1214.3719075
6.58	0.448041116877	1221.98549962
6.59	0.198801374132	1229.64682569
6.6	-0.496098189716	1237.35618501
6.61	0.455320678292	1245.1138787
6.62	-0.441641066523	1252.92020982
6.63	0.499160009479	1260.77548329
6.64	-0.323505129328	1268.68000596
6.65	-0.329567177252	1276.63408661
6.66	0.238512653612	1284.63803594
6.67	0.467759133798	1292.6921666
6.68	0.493908308816	1300.79679322
6.69	0.447522266312	1308.95223238
6.7	0.142255949917	1317.15880265
6.71	-0.433409089877	1325.4168246
6.72	-0.116437620623	1333.72662082
6.73	0.419405807236	1342.0885159
6.74	-0.470929651144	1350.50283649
6.75	0.401050027267	1358.96991126
6.76	-0.0498259058878	1367.49007097
6.77	-0.477280378271	1376.06364844
6.78	-0.0174815919342	1384.69097856
6.79	0.304370661543	1393.37239835
6.8	0.357540062961	1402.10824693
6.81	0.189352141965	1410.89886554
6.82	-0.271500772892	1419.74459757
6.83	-0.433125200827	1428.64578855
6.84	0.429501606559	1437.60278619
6.85	-0.255883911439	1446.61594037
6.86	0.286126099388	1455.68560317
6.87	-0.474948490095	1464.81212888
6.88	0.310413698945	1473.99587399
6.89	0.45176350162	1483.23719726
6.9	0.179190219239	1492.53645966
6.91	0.0950454793089	1501.89402447
6.92	0.284698188816	1511.31025719
6.93	0.499538170561	1520.78552567
6.94	-0.0386659173216	1530.32020003
6.95	-0.378269570262	1539.91465271
6.96	0.463941236646	1549.56925851
6.97	-0.395017280399	1559.28439455
6.98	0.0103522798827	1569.06044033
6.99	0.498187510126	1578.89777774
7	0.226619161889	1588.79679105
7.01	0.0395022737033	1598.75786693
7.02	0.155199069603	1608.78139449
7.03	0.46304337233	1618.86776528
7.04	0.219130507287	1629.0173733
7.05	-0.496447276298	1639.23061502
7.06	0.486275037506	1649.50788939
7.07	-0.49913620582	1659.84959787
7.08	0.268361245507	1670.25614444
7.09	0.429885619864	1680.7279356
7.1	0.0770027107958	1691.26538041
7.11	-0.0306904218607	1701.86889049
7.12	0.190494082843	1712.53888004
7.13	0.49924029235	1723.27576586
7.14	-0.0873499812978	1734.07996736
7.15	-0.232435035035	1744.95190657
7.16	0.220778605685	1755.8920082
7.17	0.127747794231	1766.90069957
7.18	-0.497643766785	1777.97841073
7.19	-0.29622353884	1789.1255744
7.2	-0.149125480306	1800.34262601
7.21	-0.313860297942	1811.63000374
7.22	-0.490522393667	1822.98814849
7.23	0.207205847549	1834.41750395
7.24	0.0948429466356	1845.91851657
7.25	-0.0419944003757	1857.49163563
7.26	-0.341588411341	1869.13731318
7.27	0.365329141121	1880.85600415
7.28	0.498349858364	1892.6481663
7.29	0.49272459132	1904.51426025
7.3	0.441736802484	1916.45474954
7.31	-0.160950575759	1928.47010059
7.32	-0.300831836009	1940.56078274
7.33	0.377889380668	1952.72726829
7.34	-0.148364764703	1964.97003251
7.35	-0.427604714842	1977.28955361
7.36	0.00596718201517	1989.68631284
7.37	0.1326299903	2002.16079444
7.38	-0.12913779672	2014.71348571
7.39	-0.499967910657	2027.34487697
7.4	0.264559234789	2040.05546165
7.41	-0.163972454428	2052.84573626
7.42	0.39684363966	2065.71620042
7.43	-0.369242022906	2078.66735688
7.44	-0.490869867734	2091.69971154
7.45	-0.477467337872	2104.81377349
7.46	-0.457509125795	2118.010055
7.47	0.191383724334	2131.28907155
7.48	0.177774537362	2144.65134184
7.49	-0.137018194876	2158.09738785
7.5	-0.304901458162	2171.62773482
7.51	0.321949067462	2185.24291126
7.52	0.465443004866	2198.94344904
7.53	0.369152357389	2212.72988333
7.54	-0.196854887843	2226.60275266
7.55	-0.293490141594	2240.56259894
7.56	0.351441271184	2254.60996748
7.57	-0.0230786685057	2268.74540701
7.58	-0.499986912965	2282.9694697
7.59	-0.408781782103	2297.28271117
7.6	-0.472639131148	2311.68569054
7.61	-0.327456357837	2326.17897043
7.62	0.491715295453	2340.76311698
7.63	-0.477357385518	2355.43869989
7.64	0.438050591105	2370.20629241
7.65	0.309804196077	2385.06647143
7.66	0.0989554889786	2400.0198174
7.67	0.311549053361	2415.06691446
7.68	0.432969865919	2430.20835037
7.69	-0.485477010617	2445.44471661
7.7	0.499455739401	2460.77660834
7.71	-0.220254035574	2476.20462447
7.72	-0.497154325158	2491.72936766
7.73	-0.498504911689	2507.35144435
7.74	-0.256293434694	2523.07146477
7.75	0.493378067604	2538.89004299
7.76	-0.467694328806	2554.80779692
7.77	0.451665195132	2570.82534836
7.78	0.317055243368	2586.94332299
7.79	0.18336301006	2603.16235042
7.8	0.442473454575	2619.48306422
7.81	0.155216321856	2635.9061019
7.82	-0.315388824164	2652.432105
7.83	0.00392534941775	2669.06171907
7.84	0.494810693094	2685.7955937
7.85	0.487966670021	2702.63438256
7.86	0.444083419052	2719.57874342
7.87	-0.311249041915	2736.62933817
7.88	0.180940223721	2753.78683286
7.89	-0.456392386725	2771.05189769
7.9	0.0616337544946	2788.42520709
7.91	0.148810181623	2805.9074397
7.92	-0.290950607763	2823.49927843
7.93	-0.234640047329	2841.20141046
7.94	0.231897680537	2859.01452728
7.95	0.301263089255	2876.93932472
7.96	-0.117013654855	2894.97650296
7.97	0.00887942401838	2913.1267666
7.98	0.494000140049	2931.39082462
7.99	-0.366680520206	2949.76939046
8	0.491774486407	2968.26318205
8.01	-0.0104454251091	2986.8729218
8.02	-0.127571775918	3005.59933665
8.03	0.316413933554	3024.4431581
8.04	0.159889680049	3043.40512225
8.05	-0.070289854704	3062.4859698
8.06	-0.473864591639	3081.6864461
8.07	-0.322765324408	3101.00730117
8.08	-0.490462118476	3120.44928973
8.09	0.0660125494578	3140.01317123
8.1	-0.0612196677282	3159.6997099
8.11	0.488284837977	3179.50967475
8.12	0.319058840807	3199.44383959
8.13	0.479947376085	3219.50298311
8.14	-0.00195472396168	3239.68788888
8.15	-0.00329050542273	3259.99934537
8.16	-0.476521644797	3280.438146
8.17	-0.314194428846	3301.00508916
8.18	-0.492041254792	3321.70097825
8.19	0.132223563487	3342.52662171
8.2	-0.220062283401	3363.48283304
8.21	0.461711799388	3384.57043084
8.22	0.497959890924	3405.79023886
8.23	0.215904891513	3427.14308599
8.24	-0.467510536903	3448.62980634
8.25	0.288830575154	3470.25123922
8.26	0.486669702188	3492.00822924
8.27	0.499459934165	3513.90162627
8.28	0.026198788864	3535.93228553
8.29	-0.119140165609	3558.10106759
8.3	-0.412018294704	3580.40883843
8.31	-0.213887213526	3602.85646945
8.32	-0.485622046191	3625.4448375
8.33	0.240105437304	3648.17482496
8.34	-0.446513625263	3671.0473197
8.35	-0.00359498096677	3694.0632152
8.36	-0.176610549629	3717.22341052
8.37	-0.411594153901	3740.52881035
8.38	0.367651165735	3763.98032505
8.39	0.356193957398	3787.57887072
8.4	0.343623913385	3811.32536917
8.41	0.398524131081	3835.220748
8.42	-0.444780741357	3859.26594063
8.43	-0.121354867992	3883.46188633
8.44	0.0149253690757	3907.80953025
8.45	-0.471199215972	3932.30982348
8.46	0.389146129044	3956.96372306
8.47	-0.429557624066	3981.77219204
8.48	-0.492326535451	4006.7361995
8.49	-0.0913660299203	4031.8567206
8.5	0.252954470044	4057.13473662
8.51	0.328235919548	4082.57123498
8.52	0.205857024911	4108.1672093
8.53	0.492361653877	4133.92365942
8.54	-0.499882281849	4159.84159146
8.55	0.077507997155	4185.92201784
8.56	0.107440755501	4212.16595733
8.57	-0.490603634558	4238.57443509
8.58	0.498476444807	4265.14848271
8.59	0.0708274484405	4291.88913823
8.6	0.229549774318	4318.79744621
8.61	0.29609325731	4345.87445777
8.62	-0.0189425202735	4373.1212306
8.63	-0.380964061808	4400.53882904
8.64	0.0167055576707	4428.12832408
8.65	0.226240474262	4455.89079345
8.66	0.350686446176	4483.82732162
8.67	0.29995829943	4511.93899987
8.68	0.379012805907	4540.22692631
8.69	-0.274433961205	4568.69220593
8.7	-0.498463861018	4597.33595068
8.71	-0.395371695423	4626.15927945
8.72	0.498738262869	4655.16331815
8.73	-0.128236922658	4684.34919977
8.74	-0.1577825036	4713.71806436
8.75	0.497378326746	4743.27105917
8.76	-0.458949920514	4773.00933861
8.77	-0.469909129283	4802.93406434
8.78	-0.355218964485	4833.04640528
8.79	0.393027048938	4863.34753772
8.8	0.388900544799	4893.83864528
8.81	0.497305797897	4924.52091905
8.82	-0.370643350037	4955.39555753
8.83	0.418717909301	4986.46376679
8.84	0.379556134544	5017.72676042
8.85	-0.472752328438	5049.18575964
8.86	0.409635324581	5080.84199332
8.87	0.459229861148	5112.69669803
8.88	-0.298420851051	5144.75111812
8.89	0.484609608417	5177.00650569
8.9	0.390398184644	5209.46412074
8.91	0.29295185012	5242.12523115
8.92	-0.0446128387859	5274.99111274
8.93	-0.291654233002	5308.06304934
8.94	0.40028050716	5341.34233283
8.95	-0.495411260307	5374.83026318
8.96	-0.395149965103	5408.52814852
8.97	-0.294684291137	5442.43730518
8.98	0.0172992055987	5476.55905775
8.99	0.208380655566	5510.89473909
9	-0.486624960067	5545.44569046
9.01	0.420100586521	5580.21326151
9.02	0.454927196983	5615.19881035
9.03	-0.396853392861	5650.40370361
9.04	0.442752408633	5685.82931648
9.05	0.378663521554	5721.47703278
9.06	-0.499489581999	5757.348245
9.07	-0.034426596327	5793.44435438
9.08	-0.357602743425	5829.76677091
9.09	0.311545047756	5866.31691344
9.1	-0.142703654999	5903.09620973
9.11	0.437781010877	5940.10609646
9.12	-0.499539536967	5977.34801934
9.13	-0.489606960607	6014.82343314
9.14	0.166655015628	6052.53380174
9.15	-0.496457316536	6090.48059822
9.16	-0.376117748931	6128.66530487
9.17	0.416933031681	6167.08941328
9.18	0.481928072391	6205.75442441
9.19	0.127513608148	6244.66184861
9.2	0.296755035694	6283.81320571
9.21	0.377208402874	6323.21002507
9.22	-0.201892989717	6362.85384561
9.23	0.309064377341	6402.74621595
9.24	-0.346625179194	6442.88869437
9.25	0.499935404729	6483.28284895
9.26	0.485508017656	6523.93025759
9.27	-0.496810243382	6564.83250809
9.28	-0.256996423019	6605.99119819
9.29	-0.399470301985	6647.40793567
9.3	-0.108891862781	6689.08433836
9.31	-0.375584438881	6731.02203426
9.32	0.415749630206	6773.22266156
9.33	0.29539007823	6815.68786873
9.34	0.090901537015	6858.41931458
9.35	0.496108650277	6901.41866831
9.36	-0.000550782351645	6944.68760957
9.37	0.429610664465	6988.22782859
9.38	0.497587181638	7032.04102614
9.39	-0.469082734311	7076.12891368
9.4	-0.484955289437	7120.49321342
9.41	0.489324902892	7165.13565832
9.42	0.27526611374	7210.05799225
9.43	0.243208039173	7255.26196998
9.44	0.474520051073	7300.74935731
9.45	0.198315192285	7346.52193108
9.46	0.365272371706	7392.58147931
9.47	0.486051240814	7438.92980119
9.48	-0.268094995175	7485.56870721
9.49	9.65316688623e-05	7532.5000192
9.5	-0.186725238845	7579.72557044
9.51	-0.282414871788	7627.24720568
9.52	0.311024949724	7675.06678122
9.53	0.288437627433	7723.18616504
9.54	-0.217367222113	7771.6072368
9.55	-0.0968386308675	7820.33188796
9.56	-0.0650505157542	7869.36202182
9.57	-0.242840524717	7918.69955364
9.58	0.396503710446	7968.34641067
9.59	0.486366551763	8018.30453224
9.6	-0.491944135877	8068.57586985
9.61	-0.421859984528	8119.16238724
9.62	0.308180027453	8170.06606044
9.63	0.190484011663	8221.28887788
9.64	-0.101531268645	8272.83284046
9.65	-0.0624752589456	8324.69996163
9.66	0.0863604011599	8376.89226745
9.67	0.18077072107	8429.41179669
9.68	-0.335252906377	8482.2606009
9.69	-0.480314060824	8535.44074449
9.7	0.442779636759	8588.95430482
9.71	0.0458166153173	8642.80337227
9.72	0.45772245052	8696.99005033
9.73	0.223267098222	8751.51645566
9.74	0.48833182315	8806.38471822
9.75	-0.169871633132	8861.59698131
9.76	0.158558391154	8917.15540165
9.77	-0.295316089649	8973.06214951
9.78	-0.265111770465	9029.31940875
9.79	0.0407856447772	9085.92937693
9.8	-0.366252783039	9142.89426538
9.81	0.411625680424	9200.2162993
9.82	-0.377843723964	9257.89771784
9.83	-0.0164548611966	9315.94077418
9.84	-0.135336066293	9374.34773565
9.85	-0.0206845479391	9433.12088377
9.86	-0.342326190119	9492.26251437
9.87	-0.422331733618	9551.77493768
9.88	-0.416632300004	9611.66047841
9.89	0.225205800861	9671.92147586
9.9	0.284808805859	9732.56028397
9.91	-0.494712832448	9793.57927145
9.92	-0.0958037050357	9854.98082187
9.93	-0.441538409566	9916.76733372
9.94	0.11935563648	9978.94122057
