level_index	freq_index	freq_hz	level_dbfs	thd_pct	margin_db	masked	clear	corroborated
0	0	20.0	-48.0	4.099438452841375	-6.110867565749892	1	0	0
0	1	26.20453862324424	-48.0	0.0332975092344587	-23.229687851683494	0	0	0
0	2	34.33389222285494	-48.0	0.007483859851861513	-7.666639498508928	0	0	0
0	3	44.985190242005366	-48.0	0.0104035943595796	1.5529856032404155	0	0	0
0	4	58.940807758530966	-48.0	0.009897996681534625	0.5265702850778382	0	0	0
0	5	77.22583366968192	-48.0	0.014388628301657944	2.1334206521318038	0	0	0
0	6	101.18336705547074	-48.0	0.014973167521671155	0.11170965711420422	0	0	0
0	7	132.5731725017491	-48.0	0.014870420972537983	-0.8034498963738628	0	0	0
0	8	173.7009409614052	-48.0	0.014676014907935483	-0.6438181373165008	0	0	0
0	9	227.5876508158505	-48.0	0.02241307045269864	2.1629014925002252	0	0	0
0	10	298.1914692988688	-48.0	0.01959858917621409	-1.8601864365788714	0	0	0
0	11	390.6984937182078	-48.0	0.018919345999278227	-2.4414106537969644	0	0	0
0	12	511.903688434106	-48.0	0.02607597870756363	-1.351787637449874	0	0	0
0	13	670.7099987476357	-48.0	0.03390487366967051	-0.9025134875046632	0	0	0
0	14	878.7823033589261	-48.0	0.03795057729743384	1.2478239030538845	0	0	0
0	15	1151.4042404896254	-48.0	0.04967818932627498	0.8539036618805369	0	0	0
0	16	1508.6008445438788	-48.0	0.05935681113638982	-0.10135499014927518	0	0	0
0	17	1976.609454895447	-48.0	0.05306223780027998	-0.7722929255383946	0	0	0
0	18	2589.806940193875	-48.0	0.058752799032994914	0.6083315416490933	0	0	0
0	19	3393.234799552818	-48.0	0.053461500875808324	0.6325871240415069	0	0	0
0	20	4445.907618130911	-48.0	0.06691020750022558	1.0111446678194582	0	0	0
0	21	5825.14789473436	-48.0	0.05276399949409667	2.37275168923928	0	0	0
0	22	7632.2656496838235	-48.0	0.032906272614364684	-0.05305543099322563	0	0	0
0	23	10000.0	-48.0	0.1631541722997491	-1.7025406462739738	1	0	0
1	0	20.0	-42.857142857142854	4.099619134852956	-6.1104847451645625	1	0	0
1	1	26.20453862324424	-42.857142857142854	0.030899766488638188	-23.87881886342457	0	0	0
1	2	34.33389222285494	-42.857142857142854	0.0042729405052398355	-12.534615500139267	0	0	0
1	3	44.985190242005366	-42.857142857142854	0.004974072415016219	0.2859739184863912	0	0	0
1	4	58.940807758530966	-42.857142857142854	0.00659906308080674	2.1478351523784767	0	0	0
1	5	77.22583366968192	-42.857142857142854	0.007210891604815601	1.2752672829675191	0	0	0
1	6	101.18336705547074	-42.857142857142854	0.01009634910705378	1.8315945770282553	0	0	0
1	7	132.5731725017491	-42.857142857142854	0.009007350603485245	-0.015384624585536244	0	0	0
1	8	173.7009409614052	-42.857142857142854	0.011120985995507031	2.0897833586591332	0	0	0
1	9	227.5876508158505	-42.857142857142854	0.01072176965638458	0.9005962009257331	0	0	0
1	10	298.1914692988688	-42.857142857142854	0.013791941156383504	0.2304877226000599	0	0	0
1	11	390.6984937182078	-42.857142857142854	0.01687916746100204	1.7098387454160786	0	0	0
1	12	511.903688434106	-42.857142857142854	0.0187501742755944	0.9258243530083661	0	0	0
1	13	670.7099987476357	-42.857142857142854	0.02193404185360313	0.45721452128120177	0	0	0
1	14	878.7823033589261	-42.857142857142854	0.025414068544708075	2.9074581082725928	0	0	0
1	15	1151.4042404896254	-42.857142857142854	0.03298042658254245	2.4373615850446413	0	0	0
1	16	1508.6008445438788	-42.857142857142854	0.03280888879130058	-0.10842961002533968	0	0	0
1	17	1976.609454895447	-42.857142857142854	0.035586747124091204	0.8996957033464099	0	0	0
1	18	2589.806940193875	-42.857142857142854	0.03788523017968691	1.9412644176308191	0	0	0
1	19	3393.234799552818	-42.857142857142854	0.02955593998559838	0.6254872032961458	0	0	0
1	20	4445.907618130911	-42.857142857142854	0.039532713516050186	1.5835069760162668	0	0	0
1	21	5825.14789473436	-42.857142857142854	0.02779081004309588	1.9448230832090445	0	0	0
1	22	7632.2656496838235	-42.857142857142854	0.008561260932032879	-6.60629457927493	0	0	0
1	23	10000.0	-42.857142857142854	0.044593089864594454	-7.83492133563071	1	0	0
2	0	20.0	-37.714285714285715	4.10048921669427	-6.108641492721038	1	0	0
2	1	26.20453862324424	-37.714285714285715	0.032174014985476417	-23.52781761720469	0	0	0
2	2	34.33389222285494	-37.714285714285715	0.006228197087610573	-9.261905476271835	0	0	0
2	3	44.985190242005366	-37.714285714285715	0.006137821857410781	7.25384384429843	0	1	1
2	4	58.940807758530966	-37.714285714285715	0.00590999396252651	6.33182255740337	0	1	1
2	5	77.22583366968192	-37.714285714285715	0.007127577484301598	6.316082726543073	0	1	1
2	6	101.18336705547074	-37.714285714285715	0.0064741242304900805	3.113696628839378	0	0	0
2	7	132.5731725017491	-37.714285714285715	0.008298728993023443	4.414747290751066	0	0	0
2	8	173.7009409614052	-37.714285714285715	0.008535448168372413	4.933119469857431	0	0	0
2	9	227.5876508158505	-37.714285714285715	0.007239105409408809	2.630883476473528	0	0	0
2	10	298.1914692988688	-37.714285714285715	0.007704428540792862	0.31475524162311785	0	0	0
2	11	390.6984937182078	-37.714285714285715	0.010891429774591064	3.046167402488905	0	0	0
2	12	511.903688434106	-37.714285714285715	0.012628603962530505	2.6345366420209047	0	0	0
2	13	670.7099987476357	-37.714285714285715	0.013912322016409467	1.64494249026815	0	0	0
2	14	878.7823033589261	-37.714285714285715	0.012344671477695036	1.7775294667566328	0	0	0
2	15	1151.4042404896254	-37.714285714285715	0.013731301268435176	-0.03107392303697054	0	0	0
2	16	1508.6008445438788	-37.714285714285715	0.014707763725671657	-1.9356252816892265	0	0	0
2	17	1976.609454895447	-37.714285714285715	0.019624820218243237	0.8716727402141373	0	0	0
2	18	2589.806940193875	-37.714285714285715	0.020863403582910032	1.9007804746806727	0	0	0
2	19	3393.234799552818	-37.714285714285715	0.02555606922632312	4.505745162232813	0	0	0
2	20	4445.907618130911	-37.714285714285715	0.022243773711461787	1.7299479914114784	0	0	0
2	21	5825.14789473436	-37.714285714285715	0.025891209621254584	6.471872823912136	0	1	0
2	22	7632.2656496838235	-37.714285714285715	0.008719798504672032	-1.3066873272122876	0	0	0
2	23	10000.0	-37.714285714285715	0.050557606237026084	-1.5982236211588798	1	0	0
3	0	20.0	-32.57142857142857	4.101578630518059	-6.106334140849405	1	0	0
3	1	26.20453862324424	-32.57142857142857	0.03612418628371376	-22.52196134912242	0	0	0
3	2	34.33389222285494	-32.57142857142857	0.018154950651331953	0.030749036702772514	0	0	0
3	3	44.985190242005366	-32.57142857142857	0.018440535324200275	18.183209980466998	0	1	1
3	4	58.940807758530966	-32.57142857142857	0.018677566891095777	21.46596289596924	0	1	1
3	5	77.22583366968192	-32.57142857142857	0.018302548566574244	19.647077003574083	0	1	1
3	6	101.18336705547074	-32.57142857142857	0.01787777829528795	17.075881994512315	0	1	1
3	7	132.5731725017491	-32.57142857142857	0.019249781591897375	16.862605307067227	0	1	1
3	8	173.7009409614052	-32.57142857142857	0.018756699852233404	16.91123012487219	0	1	1
3	9	227.5876508158505	-32.57142857142857	0.018821171021668817	16.069590870993295	0	1	1
3	10	298.1914692988688	-32.57142857142857	0.01943159504813006	13.489630772040854	0	1	1
3	11	390.6984937182078	-32.57142857142857	0.018979204004421133	13.009866278959777	0	1	1
3	12	511.903688434106	-32.57142857142857	0.01845445017906933	11.068919931943284	0	1	1
3	13	670.7099987476357	-32.57142857142857	0.018175727989366775	9.106268184409686	0	1	1
3	14	878.7823033589261	-32.57142857142857	0.02248437120185062	12.124770276070194	0	1	1
3	15	1151.4042404896254	-32.57142857142857	0.019791751845518592	8.284288006852108	0	1	1
3	16	1508.6008445438788	-32.57142857142857	0.021859220457154004	6.646058229172851	0	1	1
3	17	1976.609454895447	-32.57142857142857	0.02431893120476722	7.874187773568039	0	1	1
3	18	2589.806940193875	-32.57142857142857	0.018052429069285992	5.783052457782006	0	0	0
3	19	3393.234799552818	-32.57142857142857	0.018629587383410293	6.898980821571186	0	1	1
3	20	4445.907618130911	-32.57142857142857	0.02311877337777037	7.204206884303304	0	1	1
3	21	5825.14789473436	-32.57142857142857	0.019028786512531617	8.93615107958577	0	1	1
3	22	7632.2656496838235	-32.57142857142857	0.0025468608124759417	-6.857302128457931	0	0	0
3	23	10000.0	-32.57142857142857	0.012383727984744103	-8.673386162863906	1	0	0
4	0	20.0	-27.428571428571427	4.10561587934118	-6.097788687100152	1	0	0
4	1	26.20453862324424	-27.428571428571427	0.06719431771805445	-17.131271841797854	0	0	0
4	2	34.33389222285494	-27.428571428571427	0.05984504229944408	10.39141114725443	0	1	1
4	3	44.985190242005366	-27.428571428571427	0.06049229025703824	28.50174004008916	0	1	1
4	4	58.940807758530966	-27.428571428571427	0.060505548140565586	32.23099036011871	0	1	1
4	5	77.22583366968192	-27.428571428571427	0.05992976825989233	30.505324256048908	0	1	1
4	6	101.18336705547074	-27.428571428571427	0.060485368080630014	28.218266159237686	0	1	1
4	7	132.5731725017491	-27.428571428571427	0.06017923649031863	27.318585935199565	0	1	1
4	8	173.7009409614052	-27.428571428571427	0.06058758174182067	27.651383205482247	0	1	1
4	9	227.5876508158505	-27.428571428571427	0.060411811207266006	26.7547516083431	0	1	1
4	10	298.1914692988688	-27.428571428571427	0.05979189234020802	23.807950440672244	0	1	1
4	11	390.6984937182078	-27.428571428571427	0.05930238912045729	23.46131685986073	0	1	1
4	12	511.903688434106	-27.428571428571427	0.06005671070224917	21.873885779719885	0	1	1
4	13	670.7099987476357	-27.428571428571427	0.06122067559496884	20.210104291762335	0	1	1
4	14	878.7823033589261	-27.428571428571427	0.06177888724008887	21.45975441275391	0	1	1
4	15	1151.4042404896254	-27.428571428571427	0.06008528965519238	18.48545751448161	0	1	1
4	16	1508.6008445438788	-27.428571428571427	0.05994426553441695	15.963733851238032	0	1	1
4	17	1976.609454895447	-27.428571428571427	0.061498175489126214	16.48807540743914	0	1	1
4	18	2589.806940193875	-27.428571428571427	0.059138437057237	16.645563946706034	0	1	1
4	19	3393.234799552818	-27.428571428571427	0.0590940215455881	17.481712784105795	0	1	1
4	20	4445.907618130911	-27.428571428571427	0.0602605285375478	16.081381919345077	0	1	1
4	21	5825.14789473436	-27.428571428571427	0.05570167031577341	18.821087636996992	0	1	1
4	22	7632.2656496838235	-27.428571428571427	0.002305917758815232	-7.1652645491687394	0	0	0
4	23	10000.0	-27.428571428571427	0.015579629588485818	-1.5384935904623234	1	0	0
5	0	20.0	-22.285714285714285	4.118534693967379	-6.070500400147509	1	0	0
5	1	26.20453862324424	-22.285714285714285	0.19609405930760002	-7.828634075086093	0	0	0
5	2	34.33389222285494	-22.285714285714285	0.1957162010563538	20.68338312780611	0	1	1
5	3	44.985190242005366	-22.285714285714285	0.1957946543866824	38.703756102410594	0	1	1
5	4	58.940807758530966	-22.285714285714285	0.19572018466417043	42.42779870278975	0	1	1
5	5	77.22583366968192	-22.285714285714285	0.19576204016520665	40.78704193791098	0	1	1
5	6	101.18336705547074	-22.285714285714285	0.19575897106009255	38.419693074448844	0	1	1
5	7	132.5731725017491	-22.285714285714285	0.19567213344680318	37.56023207098912	0	1	1
5	8	173.7009409614052	-22.285714285714285	0.19561104798442094	37.83157842854587	0	1	1
5	9	227.5876508158505	-22.285714285714285	0.1960463930607804	36.9794916058397	0	1	1
5	10	298.1914692988688	-22.285714285714285	0.1955253732256477	34.099166941288736	0	1	1
5	11	390.6984937182078	-22.285714285714285	0.1959151812677409	33.841234863052456	0	1	1
5	12	511.903688434106	-22.285714285714285	0.19558869410254698	32.129529874853375	0	1	1
5	13	670.7099987476357	-22.285714285714285	0.1961341436780432	30.323206006968732	0	1	1
5	14	878.7823033589261	-22.285714285714285	0.19644336428519174	31.50770004692297	0	1	1
5	15	1151.4042404896254	-22.285714285714285	0.1959443934976801	28.75275116474902	0	1	1
5	16	1508.6008445438788	-22.285714285714285	0.19548987938920406	26.23126655690651	0	1	1
5	17	1976.609454895447	-22.285714285714285	0.19699486528078333	26.59992890503176	0	1	1
5	18	2589.806940193875	-22.285714285714285	0.19572813617875193	27.04123230633401	0	1	1
5	19	3393.234799552818	-22.285714285714285	0.19641380708501918	27.914282133485976	0	1	1
5	20	4445.907618130911	-22.285714285714285	0.1946456700972368	26.265618134593083	0	1	1
5	21	5825.14789473436	-22.285714285714285	0.1954838191227869	29.725939570462394	0	1	1
5	22	7632.2656496838235	-22.285714285714285	0.001811317298939769	-9.262250132096696	0	0	0
5	23	10000.0	-22.285714285714285	0.014437167340581692	2.9295715904499815	1	0	0
6	0	20.0	-17.142857142857142	4.178160106646702	-5.945653413962727	1	0	0
6	1	26.20453862324424	-17.142857142857142	0.6246860998525222	2.2353140353780887	0	0	0
6	2	34.33389222285494	-17.142857142857142	0.631501598322107	30.858336663346243	0	1	1
6	3	44.985190242005366	-17.142857142857142	0.6314208628337816	48.87411804034681	0	1	1
6	4	58.940807758530966	-17.142857142857142	0.631399877279455	52.60117622870614	0	1	1
6	5	77.22583366968192	-17.142857142857142	0.631581977636132	50.96106686521887	0	1	1
6	6	101.18336705547074	-17.142857142857142	0.6313793334094726	48.59106684721006	0	1	1
6	7	132.5731725017491	-17.142857142857142	0.6313480093034342	47.73502877530106	0	1	1
6	8	173.7009409614052	-17.142857142857142	0.6314118516056659	48.00996541915214	0	1	1
6	9	227.5876508158505	-17.142857142857142	0.6314669490562447	47.139326968844706	0	1	1
6	10	298.1914692988688	-17.142857142857142	0.6313714918529875	44.28080383848473	0	1	1
6	11	390.6984937182078	-17.142857142857142	0.6312057802680767	44.00329240178423	0	1	1
6	12	511.903688434106	-17.142857142857142	0.6312906097966124	42.30724152267204	0	1	1
6	13	670.7099987476357	-17.142857142857142	0.6317289124725057	40.482757009651294	0	1	1
6	14	878.7823033589261	-17.142857142857142	0.6312616383571094	41.64714074489999	0	1	1
6	15	1151.4042404896254	-17.142857142857142	0.6313699889152767	38.91577302398646	0	1	1
6	16	1508.6008445438788	-17.142857142857142	0.6316094566500712	36.41775345906388	0	1	1
6	17	1976.609454895447	-17.142857142857142	0.6313594560397723	36.71636456662669	0	1	1
6	18	2589.806940193875	-17.142857142857142	0.6315602346714544	37.21646264403449	0	1	1
6	19	3393.234799552818	-17.142857142857142	0.6305425598003356	38.04512997100505	0	1	1
6	20	4445.907618130911	-17.142857142857142	0.631145490518024	36.483312860694866	0	1	1
6	21	5825.14789473436	-17.142857142857142	0.6325678210512016	39.92586517599155	0	1	1
6	22	7632.2656496838235	-17.142857142857142	0.0015463242025083135	-10.636129762059937	0	0	0
6	23	10000.0	-17.142857142857142	0.008655607493947283	3.5871947353593185	1	0	0
7	0	20.0	-12.0	4.5000369586348965	-5.301033362898401	1	0	0
7	1	26.20453862324424	-12.0	1.9556965602684162	12.1481066258468	0	1	1
7	2	34.33389222285494	-12.0	1.979456894190338	40.781768556438	0	1	1
7	3	44.985190242005366	-12.0	1.9794595108892519	58.79867195014489	0	1	1
7	4	58.940807758530966	-12.0	1.97934591676166	62.52552035616498	0	1	1
7	5	77.22583366968192	-12.0	1.979352994161288	60.882937336988704	0	1	1
7	6	101.18336705547074	-12.0	1.9793155257639152	58.51556022752303	0	1	1
7	7	132.5731725017491	-12.0	1.979410981092638	57.66037197161576	0	1	1
7	8	173.7009409614052	-12.0	1.979391145677594	57.93434329674059	0	1	1
7	9	227.5876508158505	-12.0	1.9794698738587497	57.063292407714734	0	1	1
7	10	298.1914692988688	-12.0	1.9793531925999883	54.20557038874446	0	1	1
7	11	390.6984937182078	-12.0	1.9793161261108392	53.93017631653091	0	1	1
7	12	511.903688434106	-12.0	1.9793715247274448	52.2332012985312	0	1	1
7	13	670.7099987476357	-12.0	1.979559959416965	50.40351514865979	0	1	1
7	14	878.7823033589261	-12.0	1.9793606207191727	51.57345129704037	0	1	1
7	15	1151.4042404896254	-12.0	1.9792028908193235	48.83990066415172	0	1	1
7	16	1508.6008445438788	-12.0	1.9793028399204808	46.339025939390396	0	1	1
7	17	1976.609454895447	-12.0	1.9794461260109304	46.641704502420595	0	1	1
7	18	2589.806940193875	-12.0	1.9791881108586964	47.13790856430758	0	1	1
7	19	3393.234799552818	-12.0	1.9795151635401722	47.982018518516604	0	1	1
7	20	4445.907618130911	-12.0	1.9788093780191394	46.408802387723505	0	1	1
7	21	5825.14789473436	-12.0	1.978610218212507	49.830928219253394	0	1	1
7	22	7632.2656496838235	-12.0	0.0008049701299384305	-16.306545523594224	0	0	0
7	23	10000.0	-12.0	0.004683435917413464	-0.8600330738221231	1	0	0
