bin	input_E2	output_E2	input_A4	output_A4	input_C7	output_C7
0	0.006081677378587083	0.13810171397918508	0.00585325088376796	0.4933366911187083	0.006073150724077144	0.2707729734181542
1	0.01826926769024528	0.14974608032292153	0.018213114179697384	0.49447452749002574	0.018139886493722304	0.2795736551516936
2	0.030499129342866166	0.16157045321611782	0.030547874071063453	0.4952909097600132	0.030343944571967586	0.29046014236202117
3	0.04261250660009089	0.1727901133646942	0.04289199626250195	0.4963683934053144	0.0424904133809616	0.30053444968449655
4	0.05479377794278558	0.1844117331676467	0.05455875379729745	0.49694672317662836	0.054519484850716976	0.3097347406743811
5	0.06682837847921393	0.1954017987012612	0.06686389814563035	0.49729494561904775	0.06646727746176576	0.3185548342693828
6	0.07897672730866948	0.20682761016669576	0.07894814419867786	0.4961330156940068	0.07843525466171436	0.3276332593519404
7	0.09087836647101895	0.21753445756841525	0.09050669468045618	0.4958143691216431	0.09069451194796246	0.33780939847264224
8	0.1029437622026205	0.22872146531003998	0.10272967406912883	0.49550462702758874	0.10229119796359157	0.3454738980280629
9	0.11470870928189224	0.23914639795280077	0.11476226499157134	0.49422141092977223	0.11429770926535206	0.35460299181705246
10	0.12650645963973484	0.2497140554758134	0.12666177816337282	0.4924926535277967	0.12643334264969341	0.3640201183174567
11	0.1384528424858058	0.2605560685336803	0.13871021863025015	0.4913181461523137	0.13730511542118976	0.3698495213971227
12	0.1499022005707073	0.27043132639494133	0.14997984629091007	0.4896082151949678	0.14912715941604576	0.37831058146476826
13	0.1617107323044762	0.2810016293981041	0.16147904829816895	0.4865272831154126	0.16115630126353447	0.38729809476120036
14	0.17294812580687338	0.29051500824396376	0.17311282012932713	0.48394460324213423	0.17236262630952856	0.3941815842118351
15	0.18455840965906128	0.3007407251040798	0.18410038441603865	0.48135517035847863	0.1833751300305675	0.40068634428079847
16	0.19554350330209885	0.3098715906388269	0.195700260617275	0.4786148160316487	0.19546537228023242	0.409537106411946
17	0.20696290941283654	0.3197599790307908	0.2069316843116118	0.4749629418633867	0.20530436087564666	0.41369659177069296
18	0.21769970746040831	0.3285110104939904	0.2179338946744483	0.47082014042682874	0.21661802351735077	0.4208590778558968
19	0.22886922704177165	0.3380034252777247	0.22927471757364618	0.4673813154585627	0.22810985027283978	0.42832398103476416
20	0.23929462002666102	0.34632603342837626	0.23924978689454485	0.4625454028768401	0.23853117598183698	0.43377152099766414
21	0.2498540401075279	0.35487754145267275	0.24999241100917513	0.4578861716582972	0.24908703855795464	0.4394236626362211
22	0.2607142537944664	0.36388524083941964	0.2606826689795663	0.4531498285990207	0.2589857492581661	0.44400974776572305
23	0.2705744793238652	0.3714281687124126	0.27067428284416556	0.44840485131285857	0.2696912809394038	0.4499832329076858
24	0.2811225331330087	0.37999950618973427	0.2811607294192179	0.44328687223861346	0.27940453258385	0.4542395232783343
25	0.2906556433416393	0.3871040985337832	0.29120879758749935	0.4374526133548081	0.29007284213848145	0.46001351376696453
26	0.300875998745277	0.3952135065565613	0.3008790007382539	0.431082509543137	0.30013029693823573	0.4649092222837289
27	0.31001203270716116	0.40182044680856654	0.31049768232004127	0.4246350126885596	0.3085630914217424	0.4671912133023396
28	0.31987739894353046	0.40945659309426863	0.31965403856577446	0.41859112605860377	0.3179229647201398	0.4709467045753429
29	0.32862836971312337	0.4155796979070588	0.3288923724686842	0.41164858710296465	0.32756617566267404	0.475176854178156
30	0.3376023350522367	0.4220304267499897	0.3382887033700844	0.4049384970137698	0.33670892707655226	0.47857512502509886
31	0.346988156687452	0.42903121223003726	0.3468982618525203	0.3982104808653118	0.3448808426170816	0.48063361382125175
32	0.35500552900758064	0.43426033232736816	0.35582524455088643	0.39087868722321506	0.35509614345129475	0.48553055606529066
33	0.363986728456628	0.44075564501628645	0.3636525962568081	0.38237846623527494	0.36180889839715635	0.4856160778464754
34	0.3715611878364124	0.4454555761943121	0.37231427018221774	0.3747754501816008	0.3693138392683141	0.4868352741524386
35	0.38009771984245433	0.45140581218006626	0.3802572416286997	0.3664042877696545	0.37901366435275563	0.49091095169425103
36	0.3872044455072048	0.455566458476743	0.38780671895617336	0.3585114254133877	0.3862148115574528	0.4917567842814622
37	0.39530036047581457	0.4609788902766222	0.39515044970422464	0.34963288745441784	0.39369213531178515	0.49290407324789126
38	0.4019277530139433	0.464588244321229	0.4029422280468701	0.3411436542102992	0.40092279831658373	0.4937382435273875
39	0.4088905361141563	0.46865769791283457	0.40985551590724095	0.3326690517925571	0.4076759077209052	0.49412895425459247
40	0.4163180135324509	0.4732468623017686	0.4160847637755297	0.32285942626148506	0.4132574300649917	0.4929747432969785
41	0.42211635408058434	0.4759379514568673	0.4227091462288653	0.3134033598836704	0.42159219204981113	0.49509687925818596
42	0.4291126118598154	0.4800587371386805	0.4294817511611033	0.30403286489686504	0.4282298706133576	0.49531245509360766
43	0.43433924600460583	0.48210774548511337	0.4354281704803316	0.29404886179842193	0.4326322683078489	0.49282652903045643
44	0.4408194606059251	0.48564904340746134	0.44106341106217656	0.2846280226878224	0.43903812785080826	0.4926697790740656
45	0.4455291256526967	0.48713687435491004	0.44627565308772477	0.2742055420040696	0.4443882717039294	0.4914092195904827
46	0.45147366741384476	0.4900736841169137	0.45216594156203194	0.26418383022192643	0.44899721565874173	0.48923669699389405
47	0.45563043793122726	0.49097595897111396	0.456223802199715	0.2537958909826396	0.45391622627953937	0.4874312040623964
48	0.4610292438996744	0.4933135493161153	0.4609358628825697	0.24308688803984874	0.46067500919733645	0.48759500163173153
49	0.46464807832465527	0.49364914699291385	0.465557892974519	0.23234048737062415	0.46365298426576756	0.4837209656251104
50	0.46867291010538087	0.4944659548204478	0.4701584697097557	0.22156461924341314	0.4661628476346302	0.4794428837584837
51	0.4733419457819249	0.49600696069945943	0.47386799983927474	0.2103637837772075	0.4713737297412601	0.47790985761478555
52	0.47598358897440374	0.4953286408411924	0.47741642551082536	0.1997683526979675	0.47511369999910913	0.47489637050752725
53	0.4800907694721879	0.49627504366544944	0.48030422836206477	0.18823227489374156	0.47836953800017973	0.47133345122559195
54	0.4821617580204711	0.4950147439288624	0.48311069564414705	0.17666596619302627	0.4813379640765089	0.46749012577338495
55	0.4856697024262617	0.4953340733324025	0.4858391987324699	0.1657349325179325	0.48445821589660726	0.4639020704536939
56	0.48717275757734846	0.49350987152295583	0.48806851094799963	0.15397677147828803	0.48468832170354476	0.45745695634788786
57	0.49009111072883893	0.49321416293998105	0.490551921156722	0.1423135228627511	0.4880794242403293	0.4539994668730592
58	0.49101441335059576	0.4908150839896652	0.4927371234317056	0.13054102540997894	0.4911278199361157	0.45029947732245834
59	0.4924867424289564	0.48904318998948954	0.49413518772560816	0.11854910164098091	0.49083930782787066	0.44342711496363596
60	0.494489745964047	0.48777304281258627	0.49450060480858227	0.10697678137417914	0.49281645206283603	0.4386467861889142
61	0.4944760245280922	0.4844800084362878	0.4959115846487513	0.0949889416218965	0.4943680804014685	0.43351914756070087
62	0.49601293952858055	0.48278231694025653	0.49633806473068165	0.08279327170223681	0.492637232465125	0.4254968345172889
63	0.4953306765510421	0.4788306653711368	0.4967816171329715	0.0712565167017046	0.4938301724496048	0.42001389138437306
64	0.4962663178548439	0.47654351548030077	0.49646901270919913	0.05898156703952618	0.496117079070965	0.4154362589878969
65	0.49501794329257204	0.4720582023748167	0.49671571364056943	0.04676387198953127	0.4943484555216519	0.40743138352787045
66	0.4953241063611047	0.46915142187408626	0.496351175303006	0.03446603697677647	0.49287674360806055	0.3997021240104205
67	0.4934959827499871	0.4641326463924666	0.4944811751010273	0.022081712670208885	0.4926527967814819	0.39300812596038603
68	0.4931903572658257	0.4606379306097217	0.49348990188009073	0.010397163094302705	0.4907972103726507	0.3850364634362622
69	0.4908107067958431	0.4551118505396219	0.49246933026666684	-0.001956907403917295	0.49021680773184656	0.37799417793524565
70	0.48892550276994007	0.4500941584972968	0.490479392863317	-0.014307720120671762	0.4884935104139352	0.3700642796527572
71	0.4878211205506945	0.4458389302370236	0.48862287749850314	-0.025997400805632807	0.4868134683661304	0.3622583846679739
72	0.48444612308025814	0.4394188349414077	0.485844932356507	-0.0382945230336935	0.48310946428927687	0.3528521866088065
73	0.48274060759186727	0.4346025869968105	0.48379531479576926	-0.05065866529990946	0.48016822022130506	0.3440497283106816
74	0.4788126526001428	0.4276919260394686	0.48002832298216686	-0.06283696784687014	0.4792479468712823	0.3367341635145058
75	0.4764739748329645	0.4222954432791818	0.47675551649826753	-0.07506707279199483	0.4743103688451683	0.32650977560660455
76	0.4720265593930148	0.4149454145157824	0.4735130822933216	-0.0866416821242425	0.4715728142104584	0.31783774209487264
77	0.4690843125112614	0.40899816849697695	0.47008334288968817	-0.09886496131343327	0.4691331076504537	0.30935393773935993
78	0.46409799164774856	0.40118896418838396	0.4657579106195072	-0.1108979093165213	0.46210108882800904	0.29786453816402564
79	0.4597354788496666	0.3939901554015267	0.46169487530199993	-0.12230828089242937	0.45775700540065994	0.2881246320489387
80	0.45585193524777085	0.3871678647202242	0.45658379560505047	-0.13413981985266937	0.45602289373563004	0.2800054096888681
81	0.45002972431419486	0.378678996281283	0.45139126857838247	-0.14592520778656157	0.4497705658930833	0.26908272387604754
82	0.4457562244965777	0.3715564987385747	0.44608090912258186	-0.15766149905646787	0.44377699999497766	0.258338427595028
83	0.43934670360970596	0.36257807989033	0.44069627941366607	-0.16939066692540486	0.4396723762057682	0.24869000455752882
84	0.4345110854742364	0.35497662242539685	0.43534340378465874	-0.18040501242601076	0.43259809002611954	0.2373967452751096
85	0.42762407739224684	0.34562072349461725	0.42958645062189466	-0.19199371039053523	0.4266612466790357	0.22669669537341697
86	0.4222098796192665	0.3375280396215779	0.42313455102566344	-0.2032822396218681	0.42128459011840197	0.21628360517334402
87	0.414857059909536	0.32781952464992486	0.41621316547657833	-0.21356896955787896	0.415051082542458	0.20546673209932337
88	0.4081707665444711	0.3187015470142582	0.4097796701528503	-0.2248826353355991	0.4078757316029577	0.19411489662248005
89	0.40181951668530175	0.30980247024078655	0.4025106673447257	-0.2357342134998184	0.40000476842640553	0.1824890639957657
90	0.3937859978241624	0.2996031200726723	0.3949911125214123	-0.24642256158032855	0.39370203222564354	0.17161256525400423
91	0.387146242223583	0.2905103351280939	0.38769594755002096	-0.2572600490326136	0.38558896526572645	0.15989733099919906
92	0.37858875903919614	0.2799189853057588	0.38042831092352775	-0.2673004267691667	0.3785297710425891	0.1486178842775503
93	0.3714508881685417	0.2704363767773503	0.3725352506089343	-0.2777484487173094	0.37167269501047395	0.13739302493425734
94	0.3624817041662476	0.259559439149096	0.36353054775949867	-0.2873617263949528	0.36179047845718476	0.12506207197776045
95	0.3548515705520935	0.24970522325667238	0.35558134234027394	-0.29690818595545043	0.3528501195944625	0.11310862017027352
96	0.34551974984581696	0.23859715022793623	0.34720013335232913	-0.3070299002498572	0.3458951757706104	0.10177876714136404
97	0.33741135446900783	0.2283840189991859	0.3381208329154203	-0.31651067711983427	0.33670807774205247	0.08975012640894921
98	0.3277115203101483	0.21704263771091262	0.3287634753613658	-0.32571883178936256	0.3271153183130606	0.07763064440731425
99	0.3184608117024083	0.20604040608619362	0.31977151394302045	-0.33530640709422804	0.31892966181147747	0.06585008233417682
100	0.3097750839509059	0.1954062861470543	0.31084565714797735	-0.3439816704673751	0.30904618833485153	0.05370382202088644
101	0.29947281193152825	0.18371041625503018	0.30061714470633943	-0.3522137367772528	0.2984916094409704	0.04148288708301808
102	0.290379084131108	0.1728033744462334	0.2907203344784601	-0.36083310328980456	0.2899171199337935	0.029535121016567828
103	0.27978438954004636	0.16096247585406132	0.28124594255597823	-0.3688873759824389	0.28011055915197935	0.017416739252086463
104	0.2703053962976414	0.1498093290440889	0.2712377241342479	-0.37739103411056757	0.26976542051400115	0.005264459990308203
105	0.2594362988644075	0.13783650467648478	0.26070980531459764	-0.3851634714700162	0.25936580597923914	-0.0068819876619289
106	0.2495641956765872	0.1264357346353633	0.24992301901505098	-0.3925491674500665	0.2490875094741324	-0.01902209128697831
107	0.23845527080118442	0.11437529172968708	0.2395001998675075	-0.4005150147498217	0.23772130647536915	-0.03104368284392462
108	0.22782194272058695	0.10259068706918144	0.22881559407306237	-0.4067097656143816	0.227819365447879	-0.04327096462351525
109	0.21730880233421057	0.09081376258874727	0.21777050317381463	-0.41360441398630216	0.21761645169559987	-0.055499936334856705
110	0.20588530476764055	0.078664052513345	0.20669174319126493	-0.4204814997101958	0.20564294686245668	-0.06726425434818895
111	0.19525116023612835	0.06683705664822372	0.1960721083520059	-0.4267406263790221	0.19455090680588982	-0.07925022375691289
112	0.1835734046258751	0.054629090166484345	0.18480878900614997	-0.4332420103582658	0.1835921943367715	-0.09129010836159993
113	0.17265917049246096	0.04267385195884731	0.17323907097639352	-0.43905234487675054	0.17237937370065914	-0.10324802109023798
114	0.16081543026722456	0.03045524011166313	0.1614665595863532	-0.4443472678712676	0.16066134920437922	-0.11488984167459584
115	0.14964887402404908	0.018409946005763813	0.14966962199561826	-0.4495059642983177	0.14962162329170506	-0.1270355378345666
116	0.1376947874590358	0.006233738495533376	0.13851571261318887	-0.4544803001654897	0.1379816542891354	-0.13874689894153158
117	0.12628664297895154	-0.005894152799947003	0.12655943690358368	-0.45910064311698173	0.12564947914750746	-0.14964881892262802
118	0.1142142291682751	-0.01803535520567212	0.11468235827386417	-0.4640163939269977	0.11416020212239372	-0.16147650957598506
119	0.10236136360187087	-0.03012811706962664	0.10331408803348079	-0.4682428128488169	0.10254178744143357	-0.1732720363289375
120	0.09069620296838529	-0.04231921224820925	0.09123931874563504	-0.47241361183172365	0.09054580100830631	-0.18444359271319988
121	0.07850237901959765	-0.054294154491647525	0.0789079953213495	-0.47519685802757045	0.07853317424237866	-0.19555248722661092
122	0.06667647012875658	-0.06648018005928574	0.06676636746833818	-0.47910701755241014	0.06667710105542973	-0.20707371701705787
123	0.054466939814782345	-0.07831385065900591	0.054474870168175246	-0.48199088797559214	0.054346453274927986	-0.21696158195350296
124	0.04252260059545056	-0.09045465364812699	0.042844793941651804	-0.48478082724302435	0.04237343108948203	-0.22814604380860326
125	0.030294457023109303	-0.10215993459208866	0.030515070771616182	-0.4869905920458903	0.030430725962289056	-0.23994828556052805
126	0.01823471058247586	-0.1142399103979517	0.018210165128792224	-0.4897591652265428	0.018183119881305807	-0.24935112934965012
127	0.006060498547223255	-0.12573994264792618	0.0065108513834258195	-0.4917622390466443	0.006073589689894883	-0.2601552516031812
128	-0.0060465199998708166	-0.13745199061763308	-0.005841866592909589	-0.4925609061098028	-0.006062579845124342	-0.2702953888377777
129	-0.018219245903817433	-0.14929975293671338	-0.01818354253911282	-0.4939329665736888	-0.0182030965318842	-0.2805456875001412
130	-0.030316345169442604	-0.16051681357965902	-0.030552301017299412	-0.49546458995923165	-0.030281052503604942	-0.2899528685496141
131	-0.04248964508357669	-0.17234471453471395	-0.042858970185778354	-0.4959405157267588	-0.042505351322786246	-0.3006186912305844
132	-0.054459001814841305	-0.18322109897233885	-0.05451046710787565	-0.4964780791018248	-0.05458615293878801	-0.31016390385146186
133	-0.0666387378358804	-0.19489089753162214	-0.06671953982220592	-0.4962200349020729	-0.06644230692052969	-0.3185199564431611
134	-0.07849132016588654	-0.2055038864203879	-0.07903758702945426	-0.49667822433805614	-0.07849747095839102	-0.3278870052381096
135	-0.09062141079310193	-0.2169572051167494	-0.09044135938159785	-0.4954376259067144	-0.09061549378447885	-0.3375593793692298
136	-0.10230950116105884	-0.2272689662907275	-0.10254013597345431	-0.4945717037207214	-0.10245652047752447	-0.34605981158312954
137	-0.11416861489885825	-0.23805199776236527	-0.11463614141523555	-0.4936971518521482	-0.1142747384964744	-0.3545300971863916
138	-0.12613768492806077	-0.24897265439372956	-0.12673280090888667	-0.49275552995750393	-0.12625228352006354	-0.363489915270429
139	-0.1375517757863955	-0.2588363349142796	-0.13858529743765907	-0.4908523258443842	-0.13753468479283348	-0.3704538019767718
140	-0.1495269701087878	-0.26978490787674836	-0.14982713100254152	-0.48909703977787067	-0.14914527020860435	-0.3783930811370354
141	-0.16066425945117174	-0.2791532211000474	-0.1614330769178688	-0.48641481509571227	-0.16140882449221083	-0.387883033406899
142	-0.17249678091444168	-0.2898010891992621	-0.17298573861763997	-0.4835755618840719	-0.172049598752318	-0.39348370400846167
143	-0.1833724438806082	-0.29877926362249324	-0.18396384562655027	-0.48098334740150406	-0.18367219900762313	-0.4013609186412529
144	-0.19502621521684427	-0.3090977179711125	-0.19529283408780848	-0.4775830318133425	-0.19511832123500794	-0.4088053180709876
145	-0.20564576670246495	-0.3176986605899125	-0.20673802712843017	-0.47450446395856105	-0.20563640924403853	-0.4143807515168027
146	-0.21710415746028008	-0.3276651790658934	-0.21806079597340972	-0.47107565122054196	-0.21661696406146275	-0.42088342978933874
147	-0.22741251957775943	-0.33583613794339046	-0.22904125282009558	-0.4668917032630148	-0.22818785636262373	-0.4284545027280637
148	-0.23804525736056886	-0.3445388201327758	-0.2389870523785382	-0.4620401320168146	-0.23886318767850162	-0.43438400955891643
149	-0.24926040078174674	-0.35408149160074287	-0.249995517103814	-0.4579219404381808	-0.24865359574714935	-0.43867967497778315
150	-0.2589920003684571	-0.3614597685110975	-0.2604879802267523	-0.4527982172927246	-0.2598357028163462	-0.44544765803258435
151	-0.26991040101647906	-0.370572978496976	-0.27044799247045914	-0.4480131436616486	-0.2692790770865189	-0.44928980643207456
152	-0.2792849964847132	-0.3774935875652127	-0.2805396473121758	-0.4422929273360269	-0.27986450712075833	-0.45499783431058494
153	-0.29102023418085404	-0.3876524212635485	-0.29095971688343264	-0.4370741448081151	-0.28973640571420006	-0.459521945985169
154	-0.3017754623127784	-0.3963784386745208	-0.3010099319691923	-0.43124076254644605	-0.29996147194536454	-0.46462329989199214
155	-0.31158706812766357	-0.4039247257415009	-0.31015793845868633	-0.4241714969556153	-0.30906548519264404	-0.46794866194228674
156	-0.32084254618188396	-0.41067653568050727	-0.3192995960462675	-0.41813672074151637	-0.317396405149773	-0.47020482126803614
157	-0.3302940435942007	-0.41774760199948174	-0.3289956808196113	-0.4118050049382506	-0.3286785367838057	-0.4767668512304534
158	-0.33915210561258186	-0.4239969101778495	-0.33800392313841565	-0.4045830297926859	-0.3361092191550452	-0.4777314510765797
159	-0.3479762230924105	-0.4302408909401409	-0.346579426755734	-0.39782740827688456	-0.34547985090432204	-0.4814731978236706
160	-0.3568677672227475	-0.4366077897492594	-0.3550535028962101	-0.3900375292159207	-0.35447458731587717	-0.48466397530021715
161	-0.36504211165612926	-0.44201586650346475	-0.3640548489206872	-0.38279602660309126	-0.36241406603211673	-0.486428662634776
162	-0.373504755452371	-0.44785580625740357	-0.37174053807125634	-0.37417018416361797	-0.36932919098018563	-0.4868644249091033
163	-0.3812153258299115	-0.45271531656910124	-0.3798375227245608	-0.36600832656402904	-0.37966005386028967	-0.4917631039717836
164	-0.38922519583559406	-0.45801383349669544	-0.3873896586987939	-0.3581361316561939	-0.3862211204522807	-0.4917497468105846
165	-0.39647324213567803	-0.46232979514786143	-0.3953628744034145	-0.34981809564883026	-0.39299725212699416	-0.4920544325460853
166	-0.40402132541024	-0.4670768910509691	-0.40256966581767434	-0.3408138527630305	-0.4014539486553882	-0.49443022983725826
167	-0.4107688580589492	-0.47082272000000763	-0.4094346322556465	-0.33231795785413265	-0.4078415743398431	-0.4942805399397915
168	-0.4175199931200094	-0.47461523775993314	-0.41597678154389295	-0.3227933309469474	-0.4139415693202998	-0.493797304422317
169	-0.4243952529610439	-0.4785786133127981	-0.4223921748925941	-0.3131608471636729	-0.4211097710278007	-0.4945601478776807
170	-0.43033324634060105	-0.48140531384794427	-0.42868546622047143	-0.30345006697380417	-0.42800242093611646	-0.49501744358965966
171	-0.4366815434063511	-0.48478323123433814	-0.4349613874485137	-0.2937424983585299	-0.43334944082734494	-0.49364179161140687
172	-0.4420895812704749	-0.48702949863833367	-0.4406413029486342	-0.28435059013958663	-0.4383129836270096	-0.49187858814706076
173	-0.44791997154691776	-0.48982577685595674	-0.4465269284673731	-0.2743490096119551	-0.44510019884418234	-0.4921753929664633
174	-0.45279861524643894	-0.49149083895735407	-0.4516998902778499	-0.26390468023861	-0.4490066623361666	-0.48925958228752325
175	-0.4580750364570946	-0.4936799525531217	-0.45572563629682356	-0.25352131957420426	-0.45469687219838456	-0.4882813685633907
176	-0.46239742021491814	-0.4947580536187188	-0.46095617980095605	-0.24311430922846833	-0.46068025355441206	-0.48759848740371814
177	-0.46712872347209833	-0.49635209284496845	-0.46520370887146467	-0.23215653383014992	-0.4628537466161299	-0.48289785382444544
178	-0.47089018077123823	-0.49683622783361625	-0.46915695199664564	-0.22107785244642153	-0.46694620933865305	-0.4802370946256785
179	-0.4746648433240325	-0.49737357076040445	-0.4734133697138932	-0.21015720927485274	-0.47217448825527353	-0.478732221248133
180	-0.47861784877692515	-0.4981477707255428	-0.47700499744679997	-0.19959359039503125	-0.47514284640706	-0.47489697516562895
181	-0.48145506416128975	-0.49766303626059544	-0.48049852729744674	-0.1882956705364443	-0.47752623864263943	-0.470510555424423
182	-0.48482070804137617	-0.4978177318299764	-0.48258306324181177	-0.17647685991375434	-0.48196609060641354	-0.4681326488615402
183	-0.4870699224176602	-0.49674066483782375	-0.4853064943518581	-0.16556246888027232	-0.48466154115243215	-0.4640515492782877
184	-0.4898495299628915	-0.4962927469463489	-0.4882372215770081	-0.15404246730793078	-0.4846438158089753	-0.4574249720410778
185	-0.4915189879948394	-0.49463113590441393	-0.490130406340558	-0.14218469934717745	-0.4883764658427859	-0.4543014294340491
186	-0.4937021882590095	-0.49357040806648683	-0.49163787062086434	-0.1302449997347821	-0.4908704299163194	-0.45004079656458407
187	-0.4947760461498625	-0.4913223114048333	-0.4937089371965874	-0.11844377127088206	-0.4916693844939195	-0.44418502266286264
188	-0.495924943199138	-0.4891884668518503	-0.49504452557337125	-0.1070908851318592	-0.49199759862024856	-0.43793369269825416
189	-0.4972778102189575	-0.48729493672233215	-0.49513023487198193	-0.09483439057414637	-0.4951773361646689	-0.4342056180382885
190	-0.4973930357159517	-0.4841035921315227	-0.495794770061151	-0.08271276880534686	-0.49265500218504527	-0.4255131171672286
191	-0.49813978999770336	-0.4816180241919827	-0.49625358171912376	-0.07118510619317706	-0.49467905129932005	-0.42074190024922237
192	-0.4976655152030448	-0.4778658453814003	-0.4967342137822914	-0.05900912659538003	-0.4961306442194691	-0.41544087359795234
193	-0.49780868348065455	-0.47478882502105085	-0.496246445692748	-0.04671712956785695	-0.49348140194540463	-0.40671603063695055
194	-0.4967393679416889	-0.47047188630345005	-0.49527866599793535	-0.03439120588130376	-0.49370224141465563	-0.4003720431212819
195	-0.49627156155809016	-0.46680947824594354	-0.4950243113712851	-0.02210264370950829	-0.49260286592494057	-0.3929827122858965
196	-0.4946188218133558	-0.46195388574456847	-0.49311447705387557	-0.01038639557806631	-0.4917010119103554	-0.3857248256738886
197	-0.4930741682488356	-0.4572385229039203	-0.49154078345132957	0.0019481575477390753	-0.48936892813286026	-0.3773523926773416
198	-0.49176587133252925	-0.4527740649215271	-0.4899596320866016	0.014290022436961711	-0.4891017959949869	-0.37055323309120186
199	-0.4891515256036098	-0.4470339205514027	-0.4881516986448695	0.025978986546348296	-0.48705067810399655	-0.3623996849465126
200	-0.48726004553773966	-0.44203775962221603	-0.48611009968006247	0.038316218280920196	-0.48307882549427283	-0.35283217950019063
201	-0.48407278362183115	-0.4357815188056775	-0.4832896305793898	0.05060161998307165	-0.4804329665314626	-0.3442539800754947
202	-0.48157629761973847	-0.4302271915610972	-0.4799184022865633	0.06282570341228869	-0.47901950533829996	-0.33655029324655844
203	-0.4778201445885812	-0.42347261836935035	-0.4763915228085643	0.07501191821846634	-0.4751170283620902	-0.3270643573313062
204	-0.47473913144009505	-0.41739333858725425	-0.473146771943546	0.08657518078534593	-0.47076884165402205	-0.3173059728878741
205	-0.47042697620098384	-0.4101545151681222	-0.4690688219364189	0.09865355647524746	-0.4691439401670957	-0.30936248079411144
206	-0.466751969174935	-0.40354254688364816	-0.46530808312956784	0.11079900861184083	-0.46286763928857183	-0.2983470801044023
207	-0.4618934297290781	-0.3958424869389093	-0.4612956789158953	0.12220877137880758	-0.4585394139727253	-0.28862955776726973
208	-0.4571734101776362	-0.3882957397195762	-0.4567539357562538	0.13417992921566968	-0.45604195543307574	-0.2800171896904027
209	-0.45270760047464853	-0.38099343247457806	-0.4508982686621179	0.14575701187017	-0.4489757921886353	-0.2686021817864299
210	-0.44697051559913353	-0.3725535251222395	-0.4461169386599117	0.1576809857723999	-0.44454052160556856	-0.25878478818392864
211	-0.44195549863851963	-0.36478949208568906	-0.44035381326175355	0.16925814269785733	-0.43959073168372836	-0.2486463211061411
212	-0.43571230276468764	-0.35594351402437086	-0.43496249755884375	0.18024732040622932	-0.43263409613670206	-0.23740047986252216
213	-0.43014698279138514	-0.3477147739224252	-0.42862279127202724	0.19156641797316967	-0.4266937707133425	-0.22672054031687228
214	-0.42339532135816355	-0.33846243538717724	-0.4227683450567771	0.20311430935965405	-0.421767807713819	-0.21655011892427511
215	-0.4172966242485364	-0.32979825435837995	-0.4166682654842222	0.2138061505125322	-0.4152934817832418	-0.20557175694218566
216	-0.4100730039855321	-0.3201860150109425	-0.4091200898111953	0.2245003326021359	-0.4071887584918353	-0.19379956150501867
217	-0.40300346500765	-0.31072586763106413	-0.4020742942545863	0.23546424572850636	-0.40085701034204213	-0.18288364799420992
218	-0.3961765861240289	-0.3014680376304712	-0.3951423068562708	0.24652268260913107	-0.39353802836008106	-0.17153131125824286
219	-0.3881809244024061	-0.29127430674717114	-0.38735503777732305	0.25703300996552064	-0.38624510563962283	-0.16016197959987602
220	-0.3808926751380711	-0.28167013292395593	-0.38006173992270775	0.26703635517768637	-0.37787291977449633	-0.14836061976099862
221	-0.37245622818712026	-0.2711559463886065	-0.3717339132993263	0.2771640883092131	-0.3716772703255826	-0.1373873216833855
222	-0.3646779481021842	-0.2611766426021017	-0.3639272397962048	0.2876795947394127	-0.3623802970807724	-0.12525440333389873
223	-0.35582894340215737	-0.2503811861567531	-0.35530699081536676	0.29668107498576346	-0.35283677454816315	-0.11311215211237514
224	-0.34760241973502004	-0.24007608317382398	-0.3465357890898066	0.306413635054219	-0.34652001790642273	-0.10196280329078912
225	-0.33835007319454635	-0.2290044668929299	-0.33776740305114156	0.31618355959204203	-0.33612377564329715	-0.08959455547060055
226	-0.32966271066290287	-0.21836610490493588	-0.3289373792558549	0.32590093990075136	-0.32768540033605115	-0.07777417736370683
227	-0.32005608663744495	-0.2070811924933613	-0.31946186266872795	0.33497386674604857	-0.3188606153382076	-0.06583910851638669
228	-0.310584050976296	-0.1959077648237071	-0.31051742029540386	0.3436062071020899	-0.3090911787753413	-0.053710838346609356
229	-0.30134495111955867	-0.18489473308856502	-0.3005563536735305	0.3521641120796073	-0.29851753053914926	-0.041486532687157275
230	-0.291141054209118	-0.17324174774481862	-0.2904950085823894	0.36055617725789757	-0.29021718207214875	-0.02956119173533569
231	-0.28151800425316814	-0.16198783493888783	-0.2810242477734639	0.36859341663962686	-0.2802922599952605	-0.01742002726186149
232	-0.2710244307963598	-0.15019205100435576	-0.2706439634050306	0.37656301748958665	-0.26929470809789846	-0.005244478235085015
233	-0.261032006924964	-0.13870871923489345	-0.26045519686392044	0.3848064019378146	-0.25947737559639605	0.006889007923437746
234	-0.2502383628019195	-0.12676132609327798	-0.2500532587337889	0.39274517970426726	-0.24939716063536618	0.01904838553253303
235	-0.23991456567062003	-0.11509508727246066	-0.2392471183269949	0.40007769241572594	-0.23812343186425822	0.031096096025916373
236	-0.22887275674191526	-0.10305084735755518	-0.22856869740701527	0.40625449445723333	-0.22743781116409556	0.04318600839892847
237	-0.21794357561000702	-0.0910748240416585	-0.2177959302104583	0.41367369815982835	-0.21761939910579847	0.05550142862820122
238	-0.20718210869709605	-0.07916907677709192	-0.2065276683377061	0.4201449497842383	-0.2059898754005046	0.06737607410167307
239	-0.19574740732743848	-0.06699131768561113	-0.19589627730322118	0.42635821376672484	-0.1945421963328429	0.07924467145806142
240	-0.18473957103507813	-0.054992087366563934	-0.18439119576552218	0.4322744554988652	-0.18390962670658442	0.09146378461215598
241	-0.1731006234578985	-0.04276398030395657	-0.1730870036407193	0.4386872428266055	-0.1720734991566276	0.10308126634551719
242	-0.1618326847782981	-0.0306619694921659	-0.16152057167815145	0.44446436631831376	-0.16092734621289795	0.11509757178184565
243	-0.15003579329405473	-0.018435692860353077	-0.14951043710290438	0.4490041889808438	-0.1495734459045996	0.1270151163751936
244	-0.13856047821924883	-0.006284004484566434	-0.1383734542148793	0.45397486878354554	-0.1377739366234625	0.13855465373953108
245	-0.12661627793704805	0.0059332849114298505	-0.1266146236999437	0.45930365626247377	-0.1258494264740428	0.14990557064516527
246	-0.11478123401093053	0.01810846265338565	-0.11457778436966602	0.46359883978627253	-0.11427428323083776	0.16164124075245548
247	-0.10301980484097385	0.030328909275432015	-0.10321223990048195	0.467774158111935	-0.10262395574131962	0.17338439767820416
248	-0.09091229014719251	0.042442000138876564	-0.09104334627409566	0.47142923509264234	-0.09038873793575256	0.18412483797528462
249	-0.07901871916734589	0.05463705632810802	-0.0789912804999289	0.47571957887024097	-0.07857350546620749	0.19563699362187603
250	-0.06682973162844323	0.06667098735701865	-0.0666583644121402	0.4782775525266376	-0.06665236343803052	0.2070015150215803
251	-0.054828206779246505	0.07880954964369141	-0.05442570899217956	0.4814572874639274	-0.054332500815372775	0.21695754431937725
252	-0.04261263367590376	0.0907128410821514	-0.042803039003089	0.48428845560587924	-0.042365136662760323	0.22817011169125567
253	-0.030509246825273603	0.10279112756399028	-0.03052715401976136	0.4872602783025791	-0.030419307965972746	0.23995870615918516
254	-0.018272765689305043	0.11455598780644259	-0.018191350633698304	0.4892675447683793	-0.018203607312195797	0.2497857885890075
255	-0.006109072935308442	0.1265308831918319	-0.006506174795488968	0.4912216755124066	-0.006052147879712117	0.25973007117087193
