bin	input	output	truth
0	0.006081677378587083	0.012162130600820017	0.0121627549479148
1	0.01826926769024528	0.03652030456294393	0.03652228362464474
2	0.030499129342866166	0.06091897468737288	0.060922717259093005
3	0.04261250660009089	0.08501282599325755	0.08501927256101251
4	0.05479377794278558	0.1091416547574945	0.10915095829976099
5	0.06682837847921393	0.1328511446790803	0.13286651609578812
6	0.07897672730866948	0.1566334931470648	0.15665282395358404
7	0.09087836647101895	0.17975030701321562	0.17978135641571802
8	0.1029437622026205	0.2029911813774664	0.20302685156879774
9	0.11470870928189224	0.2254199870678098	0.22547546149621037
10	0.12650645963973484	0.24767707106985187	0.2477487543192334
11	0.1384528424858058	0.2699641781782238	0.27003881011495123
12	0.1499022005707073	0.29102085972066616	0.29113360250863046
13	0.1617107323044762	0.31248510696811577	0.3125973434984286
14	0.17294812580687338	0.33256519973541737	0.33273111864324156
15	0.18455840965906128	0.3530585590601079	0.3532189618926621
16	0.19554350330209885	0.37206583425141015	0.3722969486226855
17	0.20696290941283654	0.3915823991565978	0.3918009567411874
18	0.21769970746040831	0.40951584381615785	0.4098237813619726
19	0.22886922704177165	0.4279510031092681	0.42823919771010077
20	0.23929462002666102	0.44471682800980306	0.4451130686959324
21	0.2498540401075279	0.4614363860493854	0.4618875466387199
22	0.2607142537944664	0.4784008719544854	0.4788017855827693
23	0.2705744793238652	0.49329902609658827	0.4938571929726749
24	0.2811225331330087	0.5091506876496318	0.5096412795394774
25	0.2906556433416393	0.5229484089697046	0.5236178468871788
26	0.300875998745277	0.5377064134271895	0.5382950762665655
27	0.31001203270716116	0.5503543172873583	0.5511447840506595
28	0.31987739894353046	0.5640408627893717	0.5647325744229305
29	0.32862836971312337	0.5756215109581222	0.5765348882038686
30	0.3376023350522367	0.5874028079985677	0.5883930845126178
31	0.346988156687452	0.5996900012441599	0.6005303810262468
32	0.35500552900758064	0.6095592200837083	0.6106837669616709
33	0.363986728456628	0.6208750168417936	0.6218239658913955
34	0.3715611878364124	0.6297723167209704	0.6310279223350188
35	0.38009771984245433	0.6401297363608363	0.6411920647100121
36	0.3872044455072048	0.6481004724327531	0.6494858344798086
37	0.39530036047581457	0.6575772578809292	0.6587492083114758
38	0.4019277530139433	0.6646740475813367	0.6661866959492069
39	0.4088905361141563	0.6722624684621269	0.6738603455508013
40	0.4163180135324509	0.6805733638282749	0.6818888895484049
41	0.42211635408058434	0.6863203155072669	0.6880444811443955
42	0.4291126118598154	0.693924532030987	0.6953421327553154
43	0.43433924600460583	0.6988535559701844	0.7007020841435345
44	0.4408194606059251	0.7057201161266862	0.7072394233933097
45	0.4455291256526967	0.7099599831760651	0.7119160288038133
46	0.45147366741384476	0.7161130288089127	0.7177299511830966
47	0.45563043793122726	0.7196735042126647	0.721736884400246
48	0.4610292438996744	0.7251602433582581	0.7268697754065602
49	0.46464807832465527	0.7281107291012486	0.7302655726319504
50	0.46867291010538087	0.7317675859962793	0.734000413242696
51	0.4733419457819249	0.7364705829302998	0.7382780927748667
52	0.47598358897440374	0.7383475923724719	0.7406723388012129
53	0.4800907694721879	0.7424776961355575	0.7443578322205413
54	0.4821617580204711	0.7438007613562116	0.7461991823182951
55	0.4856697024262617	0.7473394504615657	0.7492922875607855
56	0.48717275757734846	0.7481459007644755	0.7506076836716643
57	0.49009111072883893	0.7511340382259784	0.7531447762099899
58	0.49101441335059576	0.7514282828285956	0.7539428261974729
59	0.4924867424289564	0.7526368081247685	0.7552108341763377
60	0.494489745964047	0.7548703231553601	0.756926840785924
61	0.4944760245280922	0.754297251971255	0.7569151207413612
62	0.49601293952858055	0.7561347321431052	0.7582248391682205
63	0.4953306765510421	0.7549913369645355	0.7576441854860138
64	0.4962663178548439	0.7563190492479539	0.7584401761761388
65	0.49501794329257204	0.7547167090114117	0.7573776259234307
66	0.4953241063611047	0.7554958051719992	0.7576385879531824
67	0.4934959827499871	0.7534100197456391	0.7560767665133767
68	0.4931903572658257	0.7536601260493033	0.7558148174027258
69	0.4908107067958431	0.7511216690754093	0.7537669448191991
70	0.48892550276994007	0.7494477722646566	0.7521341164011809
71	0.4878211205506945	0.7490545804477544	0.7511732679771387
72	0.48444612308025814	0.74555682181033	0.7482170896552357
73	0.48274060759186727	0.7446109324736082	0.7467118161937765
74	0.4788126526001428	0.7406045420592411	0.7432157566836503
75	0.4764739748329645	0.7390306337696946	0.7411147420375407
76	0.4720265593930148	0.7345245377625473	0.7370789083094592
77	0.4690843125112614	0.7323350151001455	0.734379697376045
78	0.46409799164774856	0.7272670410966506	0.7297516956617897
79	0.4597354788496666	0.7231604685180794	0.7256470431238667
80	0.45585193524777085	0.7200111208700513	0.7219490534495072
81	0.45002972431419486	0.7139238482295375	0.7163268155356726
82	0.4457562244965777	0.7102661753805007	0.7121399555841685
83	0.43934670360970596	0.7034593715558698	0.7057641499825249
84	0.4345110854742364	0.6990757463077989	0.7008769803002287
85	0.42762407739224684	0.6916148930258368	0.6938012935689237
86	0.4222098796192665	0.6864246850381396	0.6881429685911373
87	0.414857059909536	0.678257114249485	0.6803224721984642
88	0.4081707665444711	0.6710585066180473	0.6730737210018253
89	0.40181951668530175	0.6645081451022073	0.6660662775138412
90	0.3937859978241624	0.6551417682849934	0.6570313778149143
91	0.387146242223583	0.6479711694987509	0.649418526821631
92	0.37858875903919614	0.6376680513588088	0.6394114527578181
93	0.3714508881685417	0.6295617001962479	0.6308951463442036
94	0.3624817041662476	0.6183869053602374	0.6199743414857047
95	0.3548515705520935	0.609272227634018	0.6104906466319776
96	0.34551974984581696	0.5972218883326483	0.5986493782364534
97	0.33741135446900783	0.5870487939557721	0.5881433046306951
98	0.3277115203101483	0.5740439741473065	0.5753094028877659
99	0.3184608117024083	0.5615938308780803	0.562799876990341
100	0.3097750839509059	0.5499217044616717	0.5508147517429268
101	0.29947281193152825	0.5352543045555328	0.5362988715808011
102	0.290379084131108	0.5224452346755049	0.5232162638018905
103	0.27978438954004636	0.5067701548869114	0.5076574146062448
104	0.2703053962976414	0.49279818373198675	0.4934501747534712
105	0.2594362988644075	0.4760952273698327	0.4768294115515623
106	0.2495641956765872	0.4608934243142159	0.46143140657903486
107	0.23845527080118442	0.443172129151663	0.4437659581466195
108	0.22782194272058695	0.42599801657544395	0.42652721641627434
109	0.21730880233421057	0.4087930520213956	0.4091730721087084
110	0.20588530476764055	0.3895627273886754	0.3899750503041747
111	0.19525116023612835	0.3715062407253004	0.37179319332409067
112	0.1835734046258751	0.35118868444334295	0.35149353904861896
113	0.17265917049246096	0.3320085163477503	0.33221708971377495
114	0.16081543026722456	0.31076684828496765	0.31098080895157326
115	0.14964887402404908	0.29052595228407385	0.29066982434127425
116	0.1376947874590358	0.26849163371301843	0.26863268165676746
117	0.12628664297895154	0.2472438101561298	0.2473360605236198
118	0.1142142291682751	0.22445103843936873	0.2245365701458946
119	0.10236136360187087	0.20184454025768078	0.20190980353428775
120	0.09069620296838529	0.17938927290180742	0.17942878186829123
121	0.07850237901959765	0.1556942150475226	0.15572727121694815
122	0.06667647012875658	0.13254901396922247	0.13256805078738945
123	0.054466939814782345	0.10849106241118563	0.10850502390299699
124	0.04252260059545056	0.08483324242792331	0.08484075755556839
125	0.030294457023109303	0.06051036031962962	0.06051488178594436
126	0.01823471058247586	0.036451191067483325	0.03645326142486573
127	0.006060498547223255	0.012119780960641941	0.012120403529473132
128	-0.0060465199998708166	-0.012091841954616045	-0.01209245053231775
129	-0.018219245903817433	-0.036420244501815136	-0.036422373132908394
130	-0.030316345169442604	-0.06055399384770439	-0.06055849765202683
131	-0.04248964508357669	-0.08476775112548766	-0.08477532059052217
132	-0.054459001814841305	-0.10847515797281926	-0.10848933478963757
133	-0.0666387378358804	-0.13247450855154272	-0.13249391169644664
134	-0.07849132016588654	-0.1556717700672976	-0.15570568981134267
135	-0.09062141079310193	-0.1792430122607563	-0.17928400945461137
136	-0.10230950116105884	-0.20174293333627852	-0.20181030518046358
137	-0.11416861489885825	-0.22436041327338943	-0.22444993927200058
138	-0.12613768492806077	-0.24695761601393165	-0.2470563488747629
139	-0.1375517757863955	-0.2682162567992921	-0.26836727837713203
140	-0.1495269701087878	-0.2902941774838431	-0.29044659976260734
141	-0.16066425945117174	-0.31047692422088374	-0.31070768082372435
142	-0.17249678091444168	-0.3317027952006129	-0.33192812467850985
143	-0.1833724438806082	-0.3508101322765773	-0.3511412242835089
144	-0.19502621521684427	-0.3710901797809856	-0.3714054268318955
145	-0.20564576670246495	-0.3891187438044889	-0.38956875645448363
146	-0.21710415746028008	-0.4084101923707969	-0.4088322496571688
147	-0.22741251957775943	-0.42526824518755213	-0.4258571052295878
148	-0.23804525736056886	-0.44243624794222214	-0.44310717812166506
149	-0.24926040078174674	-0.46035326429511586	-0.46095305011149795
150	-0.2589920003684571	-0.47530455999306126	-0.47614256071476446
151	-0.26991040101647906	-0.49211073447655185	-0.49285230848591793
152	-0.2792849964847132	-0.5059005676253996	-0.5069156558518412
153	-0.29102023418085404	-0.5236376860270406	-0.5241469026113865
154	-0.3017754623127784	-0.5394115388899149	-0.5395715060039388
155	-0.31158706812766357	-0.5531918305540915	-0.5533341792185859
156	-0.32084254618188396	-0.5658580367124498	-0.5660458206237189
157	-0.3302940435942007	-0.578588523198546	-0.5787546494607322
158	-0.33915210561258186	-0.5901985981982498	-0.5904158491007022
159	-0.3479762230924105	-0.6015577292634873	-0.6017923484901206
160	-0.3568677672227475	-0.612813664910954	-0.6130139463141887
161	-0.36504211165612926	-0.6228502809928332	-0.6231168738124252
162	-0.373504755452371	-0.6331342356086228	-0.6333614792244265
163	-0.3812153258299115	-0.6422064956771171	-0.6425064341580924
164	-0.38922519583559406	-0.6515611787891746	-0.6518163713320789
165	-0.39647324213567803	-0.6597421508217709	-0.6600749753207465
166	-0.40402132541024	-0.668225057351284	-0.6685090744836383
167	-0.4107688580589492	-0.675538750404956	-0.6759059554227587
168	-0.4175199931200094	-0.6827852872689331	-0.6831729665426637
169	-0.4243952529610439	-0.6901156199057649	-0.6904370740468189
170	-0.43033324634060105	-0.6961771555860585	-0.6966009072180983
171	-0.4366815434063511	-0.7027272120965948	-0.7030788016386745
172	-0.4420895812704749	-0.70804877109335	-0.7085067878826325
173	-0.44791997154691776	-0.7138855972911631	-0.7142662240075862
174	-0.45279861524643894	-0.7185213836434501	-0.7190123474421963
175	-0.4580750364570946	-0.7236591505908656	-0.7240710234066468
176	-0.46239742021491814	-0.727633829140105	-0.728157839252362
177	-0.46712872347209833	-0.7321319828281675	-0.7325726895564227
178	-0.47089018077123823	-0.7354829254956031	-0.7360391667192423
179	-0.4746648433240325	-0.7388946729490107	-0.7394794358048437
180	-0.47861784877692515	-0.7425668941768659	-0.7430413059752291
181	-0.48145506416128975	-0.7449581584019142	-0.7455721266475902
182	-0.48482070804137617	-0.7480432410302665	-0.7485466678649803
183	-0.4870699224176602	-0.7498726282909475	-0.7505178765936833
184	-0.4898495299628915	-0.7524048007929426	-0.7529356008697455
185	-0.4915189879948394	-0.7537054469376107	-0.7543780137165179
186	-0.4937021882590095	-0.7556960796430505	-0.7562533668399006
187	-0.4947760461498625	-0.7564705849669597	-0.7571712705404665
188	-0.495924943199138	-0.7574248404447532	-0.7581500155686386
189	-0.4972778102189575	-0.7587136897295264	-0.7592981587787839
190	-0.4973930357159517	-0.7586447129455227	-0.7593957299351123
191	-0.49813978999770336	-0.7594186236471633	-0.7600272424720731
192	-0.4976655152030448	-0.7588532329454416	-0.7596263254940785
193	-0.49780868348065455	-0.7591186197025056	-0.7597474103096405
194	-0.4967393679416889	-0.758049239301869	-0.7588417614454741
195	-0.49627156155809016	-0.7577952320875124	-0.7584446308606216
196	-0.4946188218133558	-0.7562280437596034	-0.7570370659634251
197	-0.4930741682488356	-0.7548846301086126	-0.7557151692239127
198	-0.49176587133252925	-0.7539287765736539	-0.7545907053549556
199	-0.4891515256036098	-0.7514832184684831	-0.7523303705051513
200	-0.48726004553773966	-0.7500089334982527	-0.7506838914552427
201	-0.48407278362183115	-0.7470346990442135	-0.7478882394500485
202	-0.48157629761973847	-0.7449948771014195	-0.7456797921236057
203	-0.4778201445885812	-0.7414669249453687	-0.7423258916434301
204	-0.47473913144009505	-0.7388552637825206	-0.7395467587231238
205	-0.47042697620098384	-0.7347577328321273	-0.7356143535693161
206	-0.466751969174935	-0.7315290969641707	-0.7322233681938567
207	-0.4618934297290781	-0.7268313426524161	-0.727683956086001
208	-0.4571734101776362	-0.7223483364597703	-0.7232120574138634
209	-0.45270760047464853	-0.7182442080511537	-0.7189244117973932
210	-0.44697051559913353	-0.7124832666770916	-0.7133348296833388
211	-0.44195549863851963	-0.7076996369964637	-0.7083732113430323
212	-0.43571230276468764	-0.7012650061791607	-0.7020972134561417
213	-0.43014698279138514	-0.6957494523162006	-0.6964091001805994
214	-0.42339532135816355	-0.688582135081264	-0.6893891067223124
215	-0.4172966242485364	-0.6822914765215061	-0.6829346598926714
216	-0.4100730039855321	-0.6743733683851427	-0.6751493363213283
217	-0.40300346500765	-0.6666087895061183	-0.6673815933991033
218	-0.3961765861240289	-0.6591426141432223	-0.6597400376041976
219	-0.3881809244024061	-0.6498771401939881	-0.6506135406371266
220	-0.3808926751380711	-0.6415596636942675	-0.6421273654408636
221	-0.37245622818712026	-0.6314149757272377	-0.6321039829763558
222	-0.3646779481021842	-0.6221379550871319	-0.622671135437081
223	-0.35582894340215737	-0.6110762267515923	-0.6117153977758807
224	-0.34760241973502004	-0.6008208769864337	-0.6013152760125419
225	-0.33835007319454635	-0.5887882606914868	-0.589369956998099
226	-0.32966271066290287	-0.577461786085819	-0.5779143086447008
227	-0.32005608663744495	-0.5644517524193547	-0.5649759254987676
228	-0.310584050976296	-0.551435486651188	-0.5519408051322744
229	-0.30134495111955867	-0.5385830051741315	-0.5389608759075657
230	-0.291141054209118	-0.5238805990160259	-0.5243221347036892
231	-0.28151800425316814	-0.509895212157908	-0.5102265509599262
232	-0.2710244307963598	-0.4941587599211604	-0.49453731171017207
233	-0.261032006924964	-0.4790087823801341	-0.4792914522402359
234	-0.2502383628019195	-0.4621752807316826	-0.46249199442421757
235	-0.23991456567062003	-0.4458710241895716	-0.4461067568064912
236	-0.22887275674191526	-0.4279872329752329	-0.42824496247793914
237	-0.21794357561000702	-0.4099951450979297	-0.41022951851835104
238	-0.20718210869709605	-0.3920047216014557	-0.39217199387180923
239	-0.19574740732743848	-0.3724666393297566	-0.3726481790858994
240	-0.18473957103507813	-0.35340802979229424	-0.353536039347879
241	-0.1731006234578985	-0.33286817725744644	-0.3330023203858718
242	-0.1618326847782981	-0.3127238929888912	-0.31281739797991126
243	-0.15003579329405473	-0.29128376909996284	-0.29137812261807505
244	-0.13856047821924883	-0.2701737843303628	-0.2702383721760787
245	-0.12661627793704805	-0.24789279236422873	-0.2479548985209332
246	-0.11478123401093053	-0.2255634433699731	-0.2256131322547363
247	-0.10301980484097385	-0.20314017281617164	-0.20317266340181958
248	-0.09091229014719251	-0.17981831322665018	-0.1798470100500621
249	-0.07901871916734589	-0.15671645856178387	-0.156734745623528
250	-0.06682973162844323	-0.13285449719976816	-0.1328691746176209
251	-0.054828206779246505	-0.10920995072655507	-0.10921899509560679
252	-0.04261263367590376	-0.08501313468246785	-0.08501952487555453
253	-0.030509246825273603	-0.06093920552957949	-0.06094287709541304
254	-0.018272765689305043	-0.036527258881010154	-0.036529270289176595
255	-0.006109072935308442	-0.012216927945550213	-0.012217537919402426
