bin	input	raw_output	compensated_output	truth_compensated
0	0.006081677378587083	0.5750608174812621	0.010741880930737266	0.011943814702970162
1	0.01826926769024528	0.586416096373338	0.0344875581363014	0.03581063358755837
2	0.030499129342866166	0.597941129261187	0.05824261332613674	0.05961516912494411
3	0.04261250660009089	0.6077371012119612	0.08168202592876833	0.08331639078953954
4	0.05479377794278558	0.6183027426788218	0.10528106240770192	0.10687399745240199
5	0.06682837847921393	0.6271774323278271	0.12833127843090156	0.13024869304282066
6	0.07897672730866948	0.6368421745155376	0.15157511209127134	0.15340244663359526
7	0.09087836647101895	0.6448100119848814	0.17405553483736713	0.17629873321956474
8	0.1029437622026205	0.6536109765517589	0.19663730109976343	0.19890275195837925
9	0.11470870928189224	0.660746459607041	0.21885481040422888	0.22118161921079868
10	0.12650645963973484	0.6680522987318371	0.24057700928895978	0.24310453433346085
11	0.1384528424858058	0.6757309097302953	0.2620285683389325	0.2646429168177407
12	0.1499022005707073	0.6815760763167795	0.28295489866229745	0.28577051401192205
13	0.1617107323044762	0.6885204079069634	0.3036118314512337	0.30646347928959705
14	0.17294812580687338	0.6936179679670059	0.3236032142001005	0.32670042111633457
15	0.18455840965906128	0.6998305087360343	0.34335499681975723	0.34646242400337723
16	0.19554350330209885	0.7042341218224938	0.3623833645705384	0.36573304280894414
17	0.20696290941283654	0.7097723682215252	0.38077509811588256	0.3844982722456797
18	0.21769970746040831	0.7135288390293055	0.39950496362606625	0.40274649377157057
19	0.22886922704177165	0.7183914905013079	0.4165623913772737	0.42046840227935744
20	0.23929462002666102	0.7215282334536595	0.43419216147874945	0.4376569151573683
21	0.2498540401075279	0.7249970671040915	0.4502363419413129	0.45430706637671714
22	0.2607142537944664	0.7290867200295154	0.46674069386573935	0.47041588827213343
23	0.2705744793238652	0.7311835901873216	0.48174078112351665	0.48598228363408436
24	0.2811225331330087	0.7346967439319527	0.4971419060106853	0.50100689062723
25	0.2906556433416393	0.7362586078466484	0.5111310538825097	0.5154919429041037
26	0.300875998745277	0.7391860585489217	0.5254140466129749	0.5294411271028152
27	0.31001203270716116	0.740206778901409	0.538419637943286	0.5428594397129003
28	0.31987739894353046	0.7425899361246857	0.5509851592797619	0.5557530450728762
29	0.32862836971312337	0.7431017072767949	0.5641244984562953	0.5681291360345803
30	0.3376023350522367	0.7440847986347826	0.5751283239052953	0.5799957985998588
31	0.346988156687452	0.7457802887878735	0.587259812432671	0.5913618816105265
32	0.35500552900758064	0.7453934522707512	0.5972668852551465	0.6022368723574901
33	0.363986728456628	0.7465826420704742	0.6084589756962423	0.612630778773243
34	0.3715611878364124	0.7456925146443991	0.617493950710897	0.6225540186862561
35	0.38009771984245433	0.7463479258935982	0.62776581036378	0.6320173164479364
36	0.3872044455072048	0.7449698065006944	0.6359428826135979	0.6410316070937476
37	0.39530036047581457	0.7451016841185951	0.644569635093875	0.6496079480700975
38	0.4019277530139433	0.7432189890614131	0.6532205092068994	0.6577574384474147
39	0.4088905361141563	0.7419051392887043	0.6604307192501903	0.6654911454467817
40	0.4163180135324509	0.74131396581417	0.6682567051964058	0.6728200380314532
41	0.42211635408058434	0.7385522647668121	0.6746711062500217	0.679754927254353
42	0.4291126118598154	0.7374648697402134	0.6817146880060224	0.6863064130067016
43	0.43433924600460583	0.7341362977937379	0.6873735680055579	0.6924848367798123
44	0.4408194606059251	0.7324993361416756	0.6937095432686703	0.6983002400302432
45	0.4455291256526967	0.7286390440467372	0.698663066149856	0.7037623277263929
46	0.45147366741384476	0.7263966522325981	0.7043021974478917	0.7088804366508634
47	0.45563043793122726	0.7219721001977443	0.7086065295547489	0.7136635080361067
48	0.4610292438996744	0.719122160688847	0.7127438350010826	0.7181200641197941
49	0.46464807832465527	0.7141215101994778	0.7179080682451605	0.7222581882198795
50	0.46867291010538087	0.7096434711935986	0.720812914955097	0.7260855079464757
51	0.4733419457819249	0.7059266850910583	0.7252682009642963	0.7296091811875545
52	0.47598358897440374	0.6998462516257625	0.7276847965033368	0.7328358845273739
53	0.4800907694721879	0.6954600516905634	0.731462764929124	0.7357718037798044
54	0.4821617580204711	0.6887072506554307	0.7333849915986494	0.738422626342827
55	0.4856697024262617	0.6835808742230078	0.7365339900610623	0.740793535105027
56	0.48717275757734846	0.676146375404432	0.7380331124024883	0.7428892036595272
57	0.49009111072883893	0.670240677677883	0.739606062412963	0.7447137926052843
58	0.49101441335059576	0.6620600405415864	0.7422960308683799	0.7462709467397933
59	0.4924867424289564	0.6544170782843927	0.7425967581781544	0.7475637929709229
60	0.494489745964047	0.6472715532512558	0.7447389697361522	0.7485949387987318
61	0.4944760245280922	0.6378272502584478	0.7445402962722396	0.7493664712407118
62	0.49601293952858055	0.629916421391828	0.7461350730041038	0.7498799560959427
63	0.4953306765510421	0.6195633450766327	0.7454637186107684	0.7501364374652005
64	0.4962663178548439	0.6107497150754365	0.746520356943161	0.7501364374652005
65	0.49501794329257204	0.5995212700332105	0.7454127037045754	0.7498799560959427
66	0.4953241063611047	0.5897041858124213	0.744893440537837	0.7493664712407119
67	0.4934959827499871	0.5775650430379773	0.7450756403253391	0.7485949387987318
68	0.4931903572658257	0.5667389501385779	0.7432537946801907	0.7475637929709231
69	0.4908107067958431	0.5536485702454919	0.7428997326597316	0.7462709467397933
70	0.48892550276994007	0.5408314738502402	0.7405454102363086	0.7447137926052844
71	0.4878211205506945	0.5285041778646453	0.7396400276872976	0.7428892036595272
72	0.48444612308025814	0.5138160462540052	0.7367886422443188	0.7407935351050269
73	0.48274060759186727	0.5003934282312823	0.7352894423157496	0.7384226263428271
74	0.4788126526001428	0.4846731228354654	0.7319142051019081	0.7357718037798044
75	0.4764739748329645	0.4701152844372607	0.7298181366573849	0.7328358845273741
76	0.4720265593930148	0.4534255941137201	0.7259604486699367	0.7296091811875545
77	0.4690843125112614	0.43772210062608324	0.7221322787204314	0.7260855079464759
78	0.46409799164774856	0.42000906290873113	0.7195709462923664	0.7222581882198795
79	0.4597354788496666	0.4025711988852225	0.7143312850437883	0.718120064119794
80	0.45585193524777085	0.3850839188851401	0.7110745005387723	0.7136635080361068
81	0.45002972431419486	0.3658748825558765	0.7052335430175435	0.7088804366508635
82	0.4457562244965777	0.3475105440886031	0.7012550588798373	0.7037623277263931
83	0.43934670360970596	0.32732180462775606	0.6948029950173447	0.698300240030243
84	0.4345110854742364	0.30794665081182476	0.6900772422890448	0.6924848367798123
85	0.42762407739224684	0.28689681446915716	0.6829906783938077	0.6863064130067017
86	0.4222098796192665	0.2665299026762422	0.6764511725863721	0.6797549272543534
87	0.414857059909536	0.24473518043227446	0.6704332260149425	0.6728200380314536
88	0.4081707665444711	0.22317927869667586	0.6622965900247981	0.6654911454467818
89	0.40181951668530175	0.20134059439521787	0.6554967415193952	0.657757438447415
90	0.3937859978241624	0.17863706322811915	0.6465501136861228	0.6496079480700976
91	0.387146242223583	0.1563432697344298	0.638866999742557	0.6410316070937478
92	0.37858875903919614	0.13309114034126493	0.6291355760035103	0.6320173164479366
93	0.3714508881685417	0.11023326049430726	0.6204801971725711	0.6225540186862564
94	0.3624817041662476	0.0866348516537412	0.6099186028128413	0.6126307787732432
95	0.3548515705520935	0.06337576760761927	0.6002863912398579	0.6022368723574902
96	0.34551974984581696	0.039635693190491886	0.5888878114791392	0.5913618816105266
97	0.33741135446900783	0.016090137222315518	0.5771879126476152	0.5799957985998594
98	0.3277115203101483	-0.0076759854645755046	0.5665601039563216	0.5681291360345806
99	0.3184608117024083	-0.03130359723927825	0.5531852712116083	0.5557530450728765
100	0.3097750839509059	-0.054969148951876205	0.5414186278641785	0.5428594397129005
101	0.29947281193152825	-0.0784256403075848	0.5270857878888394	0.5294411271028155
102	0.290379084131108	-0.10192095851182	0.5141487346486502	0.5154919429041039
103	0.27978438954004636	-0.12495563084841879	0.4989074464420831	0.5010068906272305
104	0.2703053962976414	-0.14812563073517637	0.48478096244200236	0.4859822836340844
105	0.2594362988644075	-0.17063718817844728	0.46858763528561675	0.4704158882721336
106	0.2495641956765872	-0.19337433189653433	0.4525811833732285	0.45430706637671736
107	0.23845527080118442	-0.21517779603870263	0.4366133482025139	0.43765691515736876
108	0.22782194272058695	-0.23686668402061928	0.4188506797733074	0.42046840227935783
109	0.21730880233421057	-0.2588136001656932	0.40193370949577667	0.4027464937715707
110	0.20588530476764055	-0.27931013424544787	0.38312530213311036	0.38449827224567995
111	0.19525116023612835	-0.30043265187448837	0.3651301194260397	0.3657330428089443
112	0.1835734046258751	-0.31997602655864377	0.3453640234223661	0.34646242400337757
113	0.17265917049246096	-0.34025537162014585	0.32628229500586303	0.32670042111633496
114	0.16081543026722456	-0.3587979977477557	0.3056596886876273	0.3064634792895975
115	0.14964887402404908	-0.37812987879198867	0.2852280362324999	0.2857705140119221
116	0.1376947874590358	-0.3955934375822007	0.264407606262628	0.2646429168177409
117	0.12628664297895154	-0.41397192402893246	0.24272358092567564	0.24310453433346102
118	0.1142142291682751	-0.43037070222230267	0.2212457001869367	0.221181619210799
119	0.10236136360187087	-0.4468425677680782	0.19886023262110478	0.1989027519583796
120	0.09069620296838529	-0.4638417251029973	0.17662761375986205	0.17629873321956477
121	0.07850237901959765	-0.47839516346121264	0.15369467943226214	0.15340244663359537
122	0.06667647012875658	-0.4943564880132508	0.1308662348966442	0.13024869304282083
123	0.054466939814782345	-0.507778679853841	0.1075665643895584	0.10687399745240221
124	0.04252260059545056	-0.5227011061020858	0.08426469573150969	0.0833163907895399
125	0.030294457023109303	-0.535080961721997	0.060687550453657674	0.05961516912494413
126	0.01823471058247586	-0.5489658234976845	0.037116663760642	0.03581063358755844
127	0.006060498547223255	-0.5602598547806402	0.013372212759809593	0.01194381470297034
128	-0.0060465199998708166	-0.5720919540214526	-0.010208586622245783	-0.011943814702969891
129	-0.018219245903817433	-0.5844905172500162	-0.03405128948294747	-0.03581063358755799
130	-0.030316345169442604	-0.5941989806197203	-0.05739237980117562	-0.059615169124943704
131	-0.04248964508357669	-0.6058149284108691	-0.0811576545005986	-0.08331639078953945
132	-0.054459001814841305	-0.6144607027445382	-0.1041506041336054	-0.10687399745240178
133	-0.0666387378358804	-0.6251748049458545	-0.12771720930507185	-0.13024869304282044
134	-0.07849132016588654	-0.6329131068930994	-0.15019539525642675	-0.15340244663359495
135	-0.09062141079310193	-0.6427257356047044	-0.17285875898340777	-0.1762987332195643
136	-0.10230950116105884	-0.64960749410723	-0.19562476779395022	-0.19890275195837914
137	-0.11416861489885825	-0.6573864514346592	-0.21735287729279826	-0.22118161921079854
138	-0.12613768492806077	-0.6658670518829174	-0.23940942998016868	-0.2431045343334606
139	-0.1375517757863955	-0.6714648320533565	-0.2603480417690828	-0.26464291681774044
140	-0.1495269701087878	-0.6794943027623538	-0.2816685309664756	-0.2857705140119217
141	-0.16066425945117174	-0.6841994219716845	-0.30173964397530123	-0.3064634792895971
142	-0.17249678091444168	-0.6914795181679438	-0.3222089158346257	-0.3267004211163345
143	-0.1833724438806082	-0.6954692296381862	-0.3412970116126336	-0.3464624240033771
144	-0.19502621521684427	-0.7020442571446462	-0.3608854835594877	-0.36573304280894386
145	-0.20564576670246495	-0.7053977648744255	-0.37901528783457994	-0.38449827224567945
146	-0.21710415746028008	-0.7112817320400923	-0.396654636312054	-0.4027464937715702
147	-0.22741251957775943	-0.7139992768854614	-0.4153787325317039	-0.42046840227935744
148	-0.23804525736056886	-0.7177349137972882	-0.43129991847261046	-0.4376569151573683
149	-0.24926040078174674	-0.7228862785510138	-0.4489059682992258	-0.454307066376717
150	-0.2589920003684571	-0.7244974927322969	-0.4637793240733435	-0.4704158882721332
151	-0.26991040101647906	-0.7290403201071297	-0.48026092294618344	-0.48598228363408397
152	-0.2792849964847132	-0.7301197854414508	-0.4941657515214663	-0.5010068906272301
153	-0.29102023418085404	-0.7367791236475624	-0.5095123636785035	-0.5154919429041036
154	-0.3017754623127784	-0.7414095235126037	-0.522437328649586	-0.529441127102815
155	-0.31158706812766357	-0.743478649475519	-0.535478083416359	-0.5428594397129001
156	-0.32084254618188396	-0.7448486300948787	-0.5495131402755008	-0.5557530450728762
157	-0.3302940435942007	-0.7463897112504316	-0.5604865783259655	-0.5681291360345803
158	-0.33915210561258186	-0.747230394821031	-0.5736675699687311	-0.579995798599859
159	-0.3479762230924105	-0.7480045590554494	-0.583523943406009	-0.5913618816105263
160	-0.3568677672227475	-0.7488073890038445	-0.5957464064683194	-0.60223687235749
161	-0.36504211165612926	-0.748827982657403	-0.6046387092986132	-0.6126307787732429
162	-0.373504755452371	-0.7491180927445822	-0.6158925209406314	-0.6225540186862559
163	-0.3812153258299115	-0.7486210377821876	-0.6239269687410243	-0.6320173164479362
164	-0.38922519583559406	-0.7484018570449467	-0.6329158121180773	-0.6410316070937477
165	-0.39647324213567803	-0.7473906261468606	-0.6424651015337172	-0.6496079480700975
166	-0.40402132541024	-0.7466517718434524	-0.6493813473599219	-0.6577574384474147
167	-0.4107688580589492	-0.7451172413332984	-0.6583248732778301	-0.6654911454467815
168	-0.4175199931200094	-0.7435665769979658	-0.6643388752411359	-0.6728200380314532
169	-0.4243952529610439	-0.7420757853993897	-0.6724329057139574	-0.679754927254353
170	-0.43033324634060105	-0.7396899846739581	-0.6776855858608873	-0.6863064130067015
171	-0.4366815434063511	-0.7376645672421899	-0.6849921683060539	-0.6924848367798123
172	-0.4420895812704749	-0.7347280872441407	-0.689561790457199	-0.6983002400302433
173	-0.44791997154691776	-0.7321408341425877	-0.6961046038636277	-0.7037623277263929
174	-0.45279861524643894	-0.728624411855968	-0.7000468449108721	-0.7088804366508634
175	-0.4580750364570946	-0.725446935939559	-0.7041780409572787	-0.7136635080361066
176	-0.46239742021491814	-0.721344252631552	-0.7104194518852044	-0.7181200641197942
177	-0.46712872347209833	-0.7175530496798059	-0.7126176850584484	-0.7222581882198795
178	-0.47089018077123823	-0.7128201408346541	-0.7179861480557205	-0.7260855079464757
179	-0.4746648433240325	-0.7080325175684539	-0.7194935608843168	-0.7296091811875545
180	-0.47861784877692515	-0.7033370674607702	-0.7266762786761521	-0.732835884527374
181	-0.48145506416128975	-0.6975380033092713	-0.7324233344190259	-0.7357718037798046
182	-0.48482070804137617	-0.6921352119693484	-0.73567804049896	-0.7384226263428271
183	-0.4870699224176602	-0.685634944681636	-0.73808716398742	-0.7407935351050271
184	-0.4898495299628915	-0.6795089661854213	-0.7405883980993437	-0.7428892036595272
185	-0.4915189879948394	-0.6722581160257914	-0.7424247999104788	-0.7447137926052841
186	-0.4937021882590095	-0.6653462608826459	-0.7440449963534264	-0.7462709467397933
187	-0.4947760461498625	-0.6573116554848799	-0.7458181071766844	-0.747563792970923
188	-0.495924943199138	-0.6491925932586573	-0.7466773063468652	-0.7485949387987318
189	-0.4972778102189575	-0.6410869033130789	-0.7479096026509465	-0.7493664712407119
190	-0.4973930357159517	-0.6317193564760948	-0.7482321581821293	-0.7498799560959426
191	-0.49813978999770336	-0.6227477049147365	-0.7489372746535403	-0.7501364374652005
192	-0.4976655152030448	-0.6124959445970205	-0.7487430950178393	-0.7501364374652005
193	-0.49780868348065455	-0.6025888018985404	-0.7489115383810588	-0.7498799560959427
194	-0.4967393679416889	-0.5913887177427799	-0.7482161323373453	-0.7493664712407118
195	-0.49627156155809016	-0.5805146650097225	-0.7475199760854826	-0.7485949387987318
196	-0.4946188218133558	-0.5683574903908505	-0.7468768107502523	-0.747563792970923
197	-0.4930741682488356	-0.5560501705541295	-0.7453826013669629	-0.7462709467397933
198	-0.49176587133252925	-0.543664236508834	-0.7442048251319778	-0.7447137926052844
199	-0.4891515256036098	-0.529916723010106	-0.7421649165435483	-0.7428892036595272
200	-0.48726004553773966	-0.5165209026807082	-0.7404447859343448	-0.740793535105027
201	-0.48407278362183115	-0.5017189327614362	-0.7378347816566027	-0.7384226263428271
202	-0.48157629761973847	-0.4872230512343859	-0.7355478805919008	-0.7357718037798046
203	-0.4778201445885812	-0.4713756750945256	-0.7323699342429657	-0.7328358845273741
204	-0.47473913144009505	-0.4558019043968088	-0.7294972980319778	-0.7296091811875545
205	-0.47042697620098384	-0.43888924904387533	-0.7257327626161215	-0.7260855079464756
206	-0.466751969174935	-0.42219751350074375	-0.7218487800818632	-0.7222581882198795
207	-0.4618934297290781	-0.4042604737491436	-0.7181434429893657	-0.718120064119794
208	-0.4571734101776362	-0.38612819289097244	-0.7133427754741571	-0.7136635080361069
209	-0.45270760047464853	-0.3678622938251231	-0.7089450913433636	-0.7088804366508635
210	-0.44697051559913353	-0.34835025196517344	-0.7034923068897248	-0.7037623277263932
211	-0.44195549863851963	-0.32910103422156156	-0.6984100819058601	-0.6983002400302434
212	-0.43571230276468764	-0.3086760306043068	-0.6922612406677228	-0.6924848367798125
213	-0.43014698279138514	-0.2884485408438631	-0.6864395768781875	-0.6863064130067016
214	-0.42339532135816355	-0.2671460886681851	-0.679577701356976	-0.6797549272543533
215	-0.4172966242485364	-0.2460530759050826	-0.6725546918179992	-0.6728200380314534
216	-0.4100730039855321	-0.22401654308407273	-0.6656607333797426	-0.6654911454467818
217	-0.40300346500765	-0.20187480650737483	-0.6575150823931645	-0.657757438447415
218	-0.3961765861240289	-0.1796169927743348	-0.6497744830438742	-0.6496079480700977
219	-0.3881809244024061	-0.1566226905799104	-0.6408249197868072	-0.6410316070937482
220	-0.3808926751380711	-0.1338428230418999	-0.632188647266451	-0.6320173164479366
221	-0.37245622818712026	-0.11038261714907645	-0.6223661760261819	-0.6225540186862565
222	-0.3646779481021842	-0.08712525311630169	-0.6128011989629386	-0.6126307787732435
223	-0.35582894340215737	-0.06339434830175252	-0.6021093767486021	-0.6022368723574907
224	-0.34760241973502004	-0.039858518190914016	-0.5911045445244992	-0.5913618816105265
225	-0.33835007319454635	-0.01595517609598485	-0.5802214673759672	-0.5799957985998592
226	-0.32966271066290287	0.007749666348959575	-0.5678849594663916	-0.5681291360345805
227	-0.32005608663744495	0.03156878277604254	-0.5559943688973784	-0.5557530450728764
228	-0.310584050976296	0.05527114073426267	-0.5426640815859329	-0.5428594397129006
229	-0.30134495111955867	0.07887373656339351	-0.5296744165187923	-0.5294411271028157
230	-0.291141054209118	0.10238697811888309	-0.5153428772675294	-0.5154919429041042
231	-0.28151800425316814	0.12569490988673385	-0.5012611893565627	-0.5010068906272307
232	-0.2710244307963598	0.14873080655916807	-0.4859023128860273	-0.4859822836340849
233	-0.261032006924964	0.17164034890472205	-0.4706636639727387	-0.470415888272134
234	-0.2502383628019195	0.19411711260530298	-0.4543117034752088	-0.4543070663767178
235	-0.23991456567062003	0.21644429056351863	-0.4375307233749187	-0.4376569151573686
236	-0.22887275674191526	0.23818847855285158	-0.4208267339555897	-0.4204684022793576
237	-0.21794357561000702	0.25968426057549127	-0.402646917159535	-0.40274649377157085
238	-0.20718210869709605	0.2810167280251002	-0.3848894420848921	-0.38449827224568006
239	-0.19574740732743848	0.30145250234125903	-0.36571483071978944	-0.3657330428089444
240	-0.18473957103507813	0.3219036142942437	-0.34690125060405214	-0.3464624240033777
241	-0.1731006234578985	0.34140725876569306	-0.32673997433516017	-0.32670042111633507
242	-0.1618326847782981	0.3609519835561027	-0.3069465081718425	-0.30646347928959766
243	-0.15003579329405473	0.37941350405483165	-0.2859369357753601	-0.2857705140119227
244	-0.13856047821924883	0.39796231592733394	-0.2649271765410018	-0.2646429168177415
245	-0.12661627793704805	0.4153777632949691	-0.24353509726427108	-0.24310453433346094
246	-0.11478123401093053	0.43253403837170096	-0.22153659341252405	-0.22118161921079882
247	-0.10301980484097385	0.4496297773309502	-0.19943899292411707	-0.19890275195837942
248	-0.09091229014719251	0.4653169047986655	-0.1767882811251255	-0.17629873321956507
249	-0.07901871916734589	0.4813487439693731	-0.15402950151997646	-0.15340244663359562
250	-0.06682973162844323	0.4959483219435987	-0.13088468918741333	-0.13024869304282108
251	-0.054828206779246505	0.5109037558767225	-0.10766642155276525	-0.10687399745240245
252	-0.04261263367590376	0.5244027595207821	-0.08411038317625145	-0.08331639078954006
253	-0.030509246825273603	0.5383294355665563	-0.060529995768842826	-0.059615169124944814
254	-0.018272765689305043	0.5507673898573698	-0.036798891897020125	-0.03581063358755913
255	-0.006109072935308442	0.56366681477218	-0.013038400701698892	-0.011943814702970961
