input	bare_static	coupled_compensated_static
-0.49813978999770336	-0.37970931182358164	-0.510733769546007
-0.4881957289191779	-0.3754091138138864	-0.5065135570616803
-0.47825166784065243	-0.3710247386914375	-0.502147809273408
-0.46830760676212696	-0.3665194977406405	-0.4976653957255186
-0.4583635456836015	-0.36185079030311873	-0.4930365761077298
-0.448419484605076	-0.35707462641799764	-0.4882662904046723
-0.43847542352655056	-0.3521513147676059	-0.4833587152502619
-0.42853136244802503	-0.3470930378854681	-0.4783195109321312
-0.41858730136949956	-0.34188650482608063	-0.47314636104741503
-0.4086432402909741	-0.3365094544465293	-0.4677857555516608
-0.39869917921244863	-0.3310363003019591	-0.4623052929580629
-0.38875511813392316	-0.3253886751953251	-0.4567587929376494
-0.3788110570553977	-0.31960854612036893	-0.450905348223257
-0.3688669959768722	-0.3136581271174983	-0.44500832280305863
-0.35892293489834676	-0.30757023007874607	-0.4389596404954858
-0.3489788738198213	-0.3013409479469611	-0.4326900240761692
-0.33903481274129577	-0.2949309062274801	-0.42636851877762805
-0.32909075166277035	-0.28841374263829356	-0.4198115107159366
-0.31914669058424483	-0.28168483074028694	-0.413156977687275
-0.3092026295057194	-0.2748391771764265	-0.40632528057800155
-0.2992585684271939	-0.2678242557819498	-0.39915985021031436
-0.2893145073486685	-0.26057140490463904	-0.3915047957088422
-0.27937044627014296	-0.25317609872256097	-0.3834093013497477
-0.2694263851916175	-0.24577540019339605	-0.3763796394225781
-0.259482324113092	-0.23816280680385266	-0.3684235931418879
-0.24953826303456655	-0.2304624458450292	-0.36114965875011873
-0.2395942019560411	-0.22256573752592956	-0.35288473649174007
-0.22965014087751562	-0.2145318768390645	-0.34498884503512406
-0.21970607979899015	-0.2063904925509885	-0.3370033713684072
-0.20976201872046463	-0.19809164359651404	-0.32863282786980746
-0.19981795764193921	-0.18966171446870878	-0.3202656780349483
-0.18987389656341375	-0.18110537010697614	-0.31173209324058304
-0.17992983548488822	-0.17242047271177446	-0.30301765415533005
-0.16998577440636276	-0.16362450072166643	-0.2943422861476582
-0.1600417133278373	-0.15470441817760008	-0.2852896220197707
-0.15009765224931182	-0.14568113721043277	-0.2764834035846149
-0.14015359117078635	-0.13652938404607023	-0.26718855738889913
-0.13020953009226083	-0.12728428003229744	-0.25804895486204543
-0.12026546901373547	-0.11794542460340893	-0.2487545703055936
-0.11032140793520995	-0.10852095923089028	-0.23920588133857995
-0.10037734685668448	-0.0990184173877383	-0.22966013230414745
-0.09043328577815901	-0.089441337714774	-0.22053621077126223
-0.08048922469963354	-0.0797817120025005	-0.2104609635144416
-0.07054516362110808	-0.07006200842887719	-0.20103265373890317
-0.06060110254258255	-0.06029026291789139	-0.1911980702309602
-0.050657041464057084	-0.05047308623287002	-0.1813063691021456
-0.040712980385531616	-0.04061712203409151	-0.17173529706636714
-0.03076891930700615	-0.030727475932644764	-0.1614763499616952
-0.02082485822848068	-0.02080929179802141	-0.15190745025406283
-0.010880797149955268	-0.01087682782648999	-0.1418587342968897
-0.0009367360714297446	0.0016321952374713932	-0.12923668837176805
0.009007325007095668	0.018009329477252173	-0.11299533242917714
0.01895138608562119	0.037881046669958895	-0.09339969401995069
0.028895447164146715	0.057719477337497126	-0.07320024431296439
0.03883950824267213	0.0775077320919156	-0.05372404338729627
0.04878356932119765	0.09723536007954359	-0.03389548512220952
0.05872763039972306	0.11688910360856641	-0.014197547673297893
0.06867169147824859	0.1364568544393726	0.005079606252645352
0.07861575255677411	0.15592067482189828	0.02498657167051506
0.08855981363529952	0.1752423844798609	0.04381604355618104
0.09850387471382493	0.19442890604022592	0.06327044918686223
0.10844793579235046	0.21346880325064738	0.08236611217867623
0.11839199687087587	0.23235369392736038	0.10103516055800826
0.1283360579494014	0.2510756165250308	0.11967964888136817
0.13828011902792692	0.26960624491862495	0.13835165241829275
0.14822418010645233	0.2879173395766915	0.1564602936658211
0.15816824118497785	0.3060072082827513	0.17467644029900992
0.16811230226350327	0.3238889039972222	0.19243880719197748
0.1780563633420288	0.34153753148908217	0.2101013489270504
0.1880004244205542	0.3589526221164185	0.22751602681949668
0.19794448549907973	0.3761243571917493	0.24458195372100022
0.20788854657760514	0.39303172868001	0.2616127582886302
0.21783260765613066	0.40969273195931477	0.27805900999794697
0.22777666873465607	0.42603583670138434	0.2946095021139784
0.2377207298131817	0.4420857491833286	0.3106877964263628
0.24766479089170712	0.4579167060142185	0.32617945433816053
0.2576088519702324	0.47341559214441187	0.3419078674994763
0.26755291304875806	0.4886509877030496	0.35692009836017236
0.27749697412728347	0.5035503509457937	0.3719709363991847
0.287441035205809	0.5181970411553747	0.3864395020303679
0.2973850962843344	0.5324896222799768	0.4008564888745907
0.30732915736285993	0.5465397883281349	0.414732076480554
0.31727321844138534	0.5602129537140552	0.42855721598125496
0.32721727951991086	0.5735664662940773	0.4419653014438084
0.3371613405984363	0.586768725404549	0.4547824757294142
0.3471054016769619	0.599551897494409	0.4678643175152785
0.3570494627554872	0.6120161042713254	0.48008008489423687
0.3669935238340126	0.6242075798069394	0.4923384650511652
0.37693758491253826	0.636044185277113	0.50425979147373
0.38688164599106367	0.647695513284031	0.5155848711050115
0.3968257070695892	0.6589482209963757	0.5270770282712753
0.4067697681481146	0.6697823633804749	0.5379477580639123
0.41671382922664013	0.6806426499756042	0.5486583899211304
0.42665789030516554	0.6909725893473949	0.5590095836171127
0.43660195138369107	0.701111168911345	0.5690916526097719
0.4465460124622165	0.710977344570099	0.5788983890198951
0.456490073540742	0.7205378791490361	0.5884396946487747
0.4664341346192674	0.7296874662750061	0.5976481951284317
0.47637819569779283	0.738838996197977	0.6066742609333664
0.48632225677631846	0.7475953849446317	0.6154517709118793
0.4962663178548439	0.7563190492479539	0.6239727176049643
